Date,Abbreviation,Species,#_coverslip,#_crawl,#_swim,#_dead,diatom_%area,Group,Size (micron),Size class,Cell shape,Cell assemblage,Time after induction (h),Age (dpf)
16/03/2021,nbc,Control_slip,3,0,26,1,0.034,nbc,nbc,nbc,nbc,nbc,24,4
16/03/2021,nbc,Control_slip,2,0,25,3,0.005,nbc,nbc,nbc,nbc,nbc,24,4
16/03/2021,nbc,Control_slip,0,2,23,5,0.16,nbc,nbc,nbc,nbc,nbc,24,4
16/03/2021,Ach.sp,Achnanthes_sp,6,5,16,3,19.985,Pennate_Raphid,25,20 - 30,pennate,chains,24,4
16/03/2021,Ach.sp,Achnanthes_sp,8,1,20,1,17.249,Pennate_Raphid,25,20 - 30,pennate,chains,24,4
16/03/2021,Ach.sp,Achnanthes_sp,5,2,21,2,16.444,Pennate_Raphid,25,20 - 30,pennate,chains,24,4
16/03/2021,A.cof,Amphora_coffeaeformis,8,4,12,6,17.524,Pennate_Raphid,15,10 - 20,pennate,solitary,24,4
16/03/2021,A.cof,Amphora_coffeaeformis,4,2,22,2,25.941,Pennate_Raphid,15,10 - 20,pennate,solitary,24,4
16/03/2021,A.cof,Amphora_coffeaeformis,9,4,15,2,15.843,Pennate_Raphid,15,10 - 20,pennate,solitary,24,4
16/03/2021,Amp.sp,Amphora_sp,13,0,17,0,3.155,Pennate_Raphid,10,10 - 20,pennate,solitary,24,4
16/03/2021,Amp.sp,Amphora_sp,11,1,5,3,3.594,Pennate_Raphid,10,10 - 20,pennate,solitary,24,4
16/03/2021,Amp.sp,Amphora_sp,4,8,16,2,2.324,Pennate_Raphid,10,10 - 20,pennate,solitary,24,4
16/03/2021,C.lam,Chrysotila_lamellosa,7,2,15,6,5.297,Coccolithophore,6,0 - 10,round,solitary,24,4
16/03/2021,C.lam,Chrysotila_lamellosa,7,6,9,8,3.024,Coccolithophore,6,0 - 10,round,solitary,24,4
16/03/2021,C.lam,Chrysotila_lamellosa,6,0,22,2,4.673,Coccolithophore,6,0 - 10,round,solitary,24,4
16/03/2021,E.ala,Entomoneis_alata,2,3,23,2,0.355,Pennate_Raphid,15,10 - 20,pennate,solitary,24,4
16/03/2021,E.ala,Entomoneis_alata,6,0,22,2,0.578,Pennate_Raphid,15,10 - 20,pennate,solitary,24,4
16/03/2021,E.ala,Entomoneis_alata,0,0,28,2,0.244,Pennate_Raphid,15,10 - 20,pennate,solitary,24,4
16/03/2021,F.str,Fragilaria_striatula,12,2,12,4,15.773,Pennate_Araphid,6,0 - 10,pennate,chains,24,4
16/03/2021,F.str,Fragilaria_striatula,9,1,17,3,5.297,Pennate_Araphid,6,0 - 10,pennate,chains,24,4
16/03/2021,F.str,Fragilaria_striatula,6,4,18,2,12.635,Pennate_Araphid,6,0 - 10,pennate,chains,24,4
16/03/2021,Fra.sp,Fragilariopsis_sp,3,1,23,3,0.366,Pennate_Raphid,46,40 - 50,pennate,chains,24,4
16/03/2021,Fra.sp,Fragilariopsis_sp,2,0,22,6,0.772,Pennate_Raphid,46,40 - 50,pennate,chains,24,4
16/03/2021,Fra.sp,Fragilariopsis_sp,5,4,15,6,0.386,Pennate_Raphid,46,40 - 50,pennate,chains,24,4
16/03/2021,G.mar,Grammatophora_marina,9,1,14,6,1.836,Pennate_Araphid,13,10 - 20,pennate,chains,24,4
16/03/2021,G.mar,Grammatophora_marina,11,3,11,5,2.221,Pennate_Araphid,13,10 - 20,pennate,chains,24,4
16/03/2021,G.mar,Grammatophora_marina,9,0,11,10,4.741,Pennate_Araphid,13,10 - 20,pennate,chains,24,4
16/03/2021,Nav.sp,Navicula_sp,5,0,20,5,4.967,Pennate_Raphid,10,10 - 20,pennate,solitary,24,4
16/03/2021,Nav.sp,Navicula_sp,2,5,18,5,3.713,Pennate_Raphid,10,10 - 20,pennate,solitary,24,4
16/03/2021,Nav.sp,Navicula_sp,2,1,21,6,2.826,Pennate_Raphid,10,10 - 20,pennate,solitary,24,4
16/03/2021,N.epi,Nitzschia_epithemoides,6,4,19,1,3.514,Pennate_Raphid,7,0 - 10,pennate,chains,24,4
16/03/2021,N.epi,Nitzschia_epithemoides,6,7,14,3,3.549,Pennate_Raphid,7,0 - 10,pennate,chains,24,4
16/03/2021,N.epi,Nitzschia_epithemoides,6,0,20,4,3.236,Pennate_Raphid,7,0 - 10,pennate,chains,24,4
16/03/2021,N.ova,Nitzschia_ovalis,9,2,18,1,3.143,Pennate_Raphid,8,0 - 10,pennate,chains,24,4
16/03/2021,N.ova,Nitzschia_ovalis,6,0,22,2,3.383,Pennate_Raphid,8,0 - 10,pennate,chains,24,4
16/03/2021,N.ova,Nitzschia_ovalis,14,1,12,3,1.813,Pennate_Raphid,8,0 - 10,pennate,chains,24,4
16/03/2021,O.aur,Odontella_aurita,2,2,21,5,0.529,Centric,37,30 - 40,round,chains,24,4
16/03/2021,O.aur,Odontella_aurita,7,6,12,5,0.546,Centric,37,30 - 40,round,chains,24,4
16/03/2021,O.aur,Odontella_aurita,2,5,17,6,0.808,Centric,37,30 - 40,round,chains,24,4
16/03/2021,P.tri,Phaeodactylum_tricornutum,3,4,17,6,0.212,Pennate_Raphid,25,20 - 30,pennate,solitary,24,4
16/03/2021,P.tri,Phaeodactylum_tricornutum,1,6,18,5,0.16,Pennate_Raphid,25,20 - 30,pennate,solitary,24,4
16/03/2021,P.tri,Phaeodactylum_tricornutum,1,4,20,5,0.512,Pennate_Raphid,25,20 - 30,pennate,solitary,24,4
16/03/2021,S.doh,Skeletonema_dohrnii,5,3,21,1,13.218,Pennate_Raphid,6,0 - 10,pennate,chains,24,4
16/03/2021,S.doh,Skeletonema_dohrnii,2,0,26,2,14.653,Pennate_Raphid,6,0 - 10,pennate,chains,24,4
16/03/2021,S.doh,Skeletonema_dohrnii,14,0,15,1,13.083,Pennate_Raphid,6,0 - 10,pennate,chains,24,4
16/03/2021,S.pin,Staurosirella_pinnata,7,6,14,3,2.955,Pennate_Araphid,5,0 - 10,pennate,chains,24,4
16/03/2021,S.pin,Staurosirella_pinnata,1,6,22,1,1.439,Pennate_Araphid,5,0 - 10,pennate,chains,24,4
16/03/2021,S.pin,Staurosirella_pinnata,2,2,26,0,0.787,Pennate_Araphid,5,0 - 10,pennate,chains,24,4
16/03/2021,Sur.sp,Surirella_sp,7,1,16,6,0.566,Pennate_Raphid,23,20 - 30,pennate,solitary,24,4
16/03/2021,Sur.sp,Surirella_sp,6,1,19,4,0.233,Pennate_Raphid,23,20 - 30,pennate,solitary,24,4
16/03/2021,Sur.sp,Surirella_sp,2,1,14,3,0.845,Pennate_Raphid,23,20 - 30,pennate,solitary,24,4
23/03/2021,nbc,Control_slip,3,2,22,3,0.012,nbc,nbc,nbc,nbc,nbc,24,4
23/03/2021,nbc,Control_slip,1,1,27,1,0.0003875,nbc,nbc,nbc,nbc,nbc,24,4
23/03/2021,nbc,Control_slip,4,1,25,0,0.012,nbc,nbc,nbc,nbc,nbc,24,4
23/03/2021,Ach.sp,Achnanthes_sp,16,2,7,5,7.966,Pennate_Raphid,25,20 - 30,pennate,chains,24,4
23/03/2021,Ach.sp,Achnanthes_sp,21,0,6,3,9.082,Pennate_Raphid,25,20 - 30,pennate,chains,24,4
23/03/2021,Ach.sp,Achnanthes_sp,18,1,10,1,10.031,Pennate_Raphid,25,20 - 30,pennate,chains,24,4
23/03/2021,A.cof,Amphora_coffeaeformis,2,1,21,6,1.64,Pennate_Raphid,15,10 - 20,pennate,solitary,24,4
23/03/2021,A.cof,Amphora_coffeaeformis,0,0,26,4,1.83,Pennate_Raphid,15,10 - 20,pennate,solitary,24,4
23/03/2021,A.cof,Amphora_coffeaeformis,0,3,20,7,8.368,Pennate_Raphid,15,10 - 20,pennate,solitary,24,4
23/03/2021,Amp.sp,Amphora_sp,3,1,23,3,9.441,Pennate_Raphid,10,10 - 20,pennate,solitary,24,4
23/03/2021,Amp.sp,Amphora_sp,14,1,15,0,5.151,Pennate_Raphid,10,10 - 20,pennate,solitary,24,4
23/03/2021,Amp.sp,Amphora_sp,7,1,19,3,6.875,Pennate_Raphid,10,10 - 20,pennate,solitary,24,4
23/03/2021,C.lam,Chrysotila_lamellosa,5,2,18,5,4.081,Coccolithophore,6,0 - 10,round,solitary,24,4
23/03/2021,C.lam,Chrysotila_lamellosa,7,0,19,4,4.304,Coccolithophore,6,0 - 10,round,solitary,24,4
23/03/2021,C.lam,Chrysotila_lamellosa,0,1,23,6,1.655,Coccolithophore,6,0 - 10,round,solitary,24,4
23/03/2021,E.ala,Entomoneis_alata,6,1,18,5,0.072,Pennate_Raphid,15,10 - 20,pennate,solitary,24,4
23/03/2021,E.ala,Entomoneis_alata,3,0,24,3,0.548,Pennate_Raphid,15,10 - 20,pennate,solitary,24,4
23/03/2021,E.ala,Entomoneis_alata,3,1,20,6,0.413,Pennate_Raphid,15,10 - 20,pennate,solitary,24,4
23/03/2021,F.str,Fragilaria_striatula,2,3,22,3,24.701,Pennate_Araphid,6,0 - 10,pennate,chains,24,4
23/03/2021,F.str,Fragilaria_striatula,7,0,22,1,15.65,Pennate_Araphid,6,0 - 10,pennate,chains,24,4
23/03/2021,F.str,Fragilaria_striatula,4,2,22,2,23.259,Pennate_Araphid,6,0 - 10,pennate,chains,24,4
23/03/2021,Fra.sp,Fragilariopsis_sp,2,1,21,6,0.658,Pennate_Raphid,46,40 - 50,pennate,chains,24,4
23/03/2021,Fra.sp,Fragilariopsis_sp,3,1,26,0,0.413,Pennate_Raphid,46,40 - 50,pennate,chains,24,4
23/03/2021,Fra.sp,Fragilariopsis_sp,2,0,22,6,0.172,Pennate_Raphid,46,40 - 50,pennate,chains,24,4
23/03/2021,G.mar,Grammatophora_marina,9,0,17,4,7.607,Pennate_Araphid,13,10 - 20,pennate,chains,24,4
23/03/2021,G.mar,Grammatophora_marina,13,0,11,6,4.122,Pennate_Araphid,13,10 - 20,pennate,chains,24,4
23/03/2021,G.mar,Grammatophora_marina,6,0,19,5,7.919,Pennate_Araphid,13,10 - 20,pennate,chains,24,4
23/03/2021,Nav.sp,Navicula_sp,14,4,10,2,2.822,Pennate_Raphid,10,10 - 20,pennate,solitary,24,4
23/03/2021,Nav.sp,Navicula_sp,4,5,19,2,3.962,Pennate_Raphid,10,10 - 20,pennate,solitary,24,4
23/03/2021,Nav.sp,Navicula_sp,7,3,20,0,10.272,Pennate_Raphid,10,10 - 20,pennate,solitary,24,4
23/03/2021,N.epi,Nitzschia_epithemoides,1,0,28,1,5.476,Pennate_Raphid,7,0 - 10,pennate,chains,24,4
23/03/2021,N.epi,Nitzschia_epithemoides,5,6,18,1,3.06,Pennate_Raphid,7,0 - 10,pennate,chains,24,4
23/03/2021,N.epi,Nitzschia_epithemoides,7,1,19,3,0.419,Pennate_Raphid,7,0 - 10,pennate,chains,24,4
23/03/2021,N.ova,Nitzschia_ovalis,8,2,12,3,4.476,Pennate_Raphid,8,0 - 10,pennate,chains,24,4
23/03/2021,N.ova,Nitzschia_ovalis,14,1,11,4,4.076,Pennate_Raphid,8,0 - 10,pennate,chains,24,4
23/03/2021,N.ova,Nitzschia_ovalis,15,1,10,4,2.618,Pennate_Raphid,8,0 - 10,pennate,chains,24,4
23/03/2021,O.aur,Odontella_aurita,1,0,26,3,1.912,Centric,37,30 - 40,round,chains,24,4
23/03/2021,O.aur,Odontella_aurita,4,1,23,2,0.828,Centric,37,30 - 40,round,chains,24,4
23/03/2021,O.aur,Odontella_aurita,0,4,18,8,0.927,Centric,37,30 - 40,round,chains,24,4
23/03/2021,P.tri,Phaeodactylum_tricornutum,10,2,18,0,0.62,Pennate_Raphid,25,20 - 30,pennate,solitary,24,4
23/03/2021,P.tri,Phaeodactylum_tricornutum,2,0,27,1,0.486,Pennate_Raphid,25,20 - 30,pennate,solitary,24,4
23/03/2021,P.tri,Phaeodactylum_tricornutum,0,0,30,0,0.311,Pennate_Raphid,25,20 - 30,pennate,solitary,24,4
23/03/2021,S.doh,Skeletonema_dohrnii,4,1,21,4,13.398,Pennate_Raphid,6,0 - 10,pennate,chains,24,4
23/03/2021,S.doh,Skeletonema_dohrnii,4,2,21,3,12.177,Pennate_Raphid,6,0 - 10,pennate,chains,24,4
23/03/2021,S.doh,Skeletonema_dohrnii,4,3,20,4,14.408,Pennate_Raphid,6,0 - 10,pennate,chains,24,4
23/03/2021,S.pin,Staurosirella_pinnata,4,3,23,0,5.675,Pennate_Araphid,5,0 - 10,pennate,chains,24,4
23/03/2021,S.pin,Staurosirella_pinnata,2,0,25,3,5.06,Pennate_Araphid,5,0 - 10,pennate,chains,24,4
23/03/2021,S.pin,Staurosirella_pinnata,1,0,25,4,3.757,Pennate_Araphid,5,0 - 10,pennate,chains,24,4
23/03/2021,Sur.sp,Surirella_sp,8,0,17,5,3.485,Pennate_Raphid,23,20 - 30,pennate,solitary,24,4
23/03/2021,Sur.sp,Surirella_sp,4,2,22,2,2.325,Pennate_Raphid,23,20 - 30,pennate,solitary,24,4
23/03/2021,Sur.sp,Surirella_sp,6,4,15,5,1.233,Pennate_Raphid,23,20 - 30,pennate,solitary,24,4
30/03/2021,nbc,Control_slip,0,6,22,2,0.022,nbc,nbc,nbc,nbc,nbc,24,4
30/03/2021,nbc,Control_slip,3,2,25,0,0.01,nbc,nbc,nbc,nbc,nbc,24,4
30/03/2021,nbc,Control_slip,3,0,25,2,0.002,nbc,nbc,nbc,nbc,nbc,24,4
30/03/2021,Ach.sp,Achnanthes_sp,7,1,18,4,17.122,Pennate_Raphid,25,20 - 30,pennate,chains,24,4
30/03/2021,Ach.sp,Achnanthes_sp,5,0,19,6,23.756,Pennate_Raphid,25,20 - 30,pennate,chains,24,4
30/03/2021,Ach.sp,Achnanthes_sp,4,2,18,6,15.046,Pennate_Raphid,25,20 - 30,pennate,chains,24,4
30/03/2021,A.cof,Amphora_coffeaeformis,5,0,24,1,20.009,Pennate_Raphid,15,10 - 20,pennate,solitary,24,4
30/03/2021,A.cof,Amphora_coffeaeformis,1,0,27,2,24.152,Pennate_Raphid,15,10 - 20,pennate,solitary,24,4
30/03/2021,A.cof,Amphora_coffeaeformis,10,1,19,0,20.584,Pennate_Raphid,15,10 - 20,pennate,solitary,24,4
30/03/2021,Amp.sp,Amphora_sp,1,0,28,1,7.363,Pennate_Raphid,10,10 - 20,pennate,solitary,24,4
30/03/2021,Amp.sp,Amphora_sp,0,1,27,2,3.125,Pennate_Raphid,10,10 - 20,pennate,solitary,24,4
30/03/2021,Amp.sp,Amphora_sp,2,0,27,1,9.377,Pennate_Raphid,10,10 - 20,pennate,solitary,24,4
30/03/2021,C.lam,Chrysotila_lamellosa,5,1,23,1,12.842,Coccolithophore,6,0 - 10,round,solitary,24,4
30/03/2021,C.lam,Chrysotila_lamellosa,17,1,11,1,12.689,Coccolithophore,6,0 - 10,round,solitary,24,4
30/03/2021,C.lam,Chrysotila_lamellosa,18,0,11,1,7.57,Coccolithophore,6,0 - 10,round,solitary,24,4
30/03/2021,E.ala,Entomoneis_alata,5,3,20,2,2.874,Pennate_Raphid,15,10 - 20,pennate,solitary,24,4
30/03/2021,E.ala,Entomoneis_alata,0,2,27,1,2.126,Pennate_Raphid,15,10 - 20,pennate,solitary,24,4
30/03/2021,E.ala,Entomoneis_alata,9,1,19,1,2.509,Pennate_Raphid,15,10 - 20,pennate,solitary,24,4
30/03/2021,F.str,Fragilaria_striatula,8,0,21,1,7.43,Pennate_Araphid,6,0 - 10,pennate,chains,24,4
30/03/2021,F.str,Fragilaria_striatula,7,1,21,1,3.402,Pennate_Araphid,6,0 - 10,pennate,chains,24,4
30/03/2021,F.str,Fragilaria_striatula,19,0,11,0,5.812,Pennate_Araphid,6,0 - 10,pennate,chains,24,4
30/03/2021,Fra.sp,Fragilariopsis_sp,7,1,21,1,0.278,Pennate_Raphid,46,40 - 50,pennate,chains,24,4
30/03/2021,Fra.sp,Fragilariopsis_sp,2,0,27,1,0.213,Pennate_Raphid,46,40 - 50,pennate,chains,24,4
30/03/2021,Fra.sp,Fragilariopsis_sp,7,0,20,3,0.387,Pennate_Raphid,46,40 - 50,pennate,chains,24,4
30/03/2021,G.mar,Grammatophora_marina,10,0,20,0,4.331,Pennate_Araphid,13,10 - 20,pennate,chains,24,4
30/03/2021,G.mar,Grammatophora_marina,9,0,19,2,5.905,Pennate_Araphid,13,10 - 20,pennate,chains,24,4
30/03/2021,G.mar,Grammatophora_marina,8,1,19,2,6,Pennate_Araphid,13,10 - 20,pennate,chains,24,4
30/03/2021,Nav.sp,Navicula_sp,5,0,21,4,0.677,Pennate_Raphid,10,10 - 20,pennate,solitary,24,4
30/03/2021,Nav.sp,Navicula_sp,1,1,20,8,0.301,Pennate_Raphid,10,10 - 20,pennate,solitary,24,4
30/03/2021,Nav.sp,Navicula_sp,8,1,12,9,1.258,Pennate_Raphid,10,10 - 20,pennate,solitary,24,4
30/03/2021,N.epi,Nitzschia_epithemoides,4,3,16,7,10.981,Pennate_Raphid,7,0 - 10,pennate,chains,24,4
30/03/2021,N.epi,Nitzschia_epithemoides,10,0,15,5,52.611,Pennate_Raphid,7,0 - 10,pennate,chains,24,4
30/03/2021,N.epi,Nitzschia_epithemoides,4,1,18,7,25.264,Pennate_Raphid,7,0 - 10,pennate,chains,24,4
30/03/2021,N.ova,Nitzschia_ovalis,8,4,16,2,47.738,Pennate_Raphid,8,0 - 10,pennate,chains,24,4
30/03/2021,N.ova,Nitzschia_ovalis,11,2,15,2,38.444,Pennate_Raphid,8,0 - 10,pennate,chains,24,4
30/03/2021,N.ova,Nitzschia_ovalis,8,3,13,6,3.346,Pennate_Raphid,8,0 - 10,pennate,chains,24,4
30/03/2021,O.aur,Odontella_aurita,2,0,25,3,0.787,Centric,37,30 - 40,round,chains,24,4
30/03/2021,O.aur,Odontella_aurita,1,2,26,1,0.033,Centric,37,30 - 40,round,chains,24,4
30/03/2021,O.aur,Odontella_aurita,2,2,25,1,0.527,Centric,37,30 - 40,round,chains,24,4
30/03/2021,P.tri,Phaeodactylum_tricornutum,6,5,18,1,30.213,Pennate_Raphid,25,20 - 30,pennate,solitary,24,4
30/03/2021,P.tri,Phaeodactylum_tricornutum,2,0,26,2,22.128,Pennate_Raphid,25,20 - 30,pennate,solitary,24,4
30/03/2021,P.tri,Phaeodactylum_tricornutum,4,0,23,3,6.341,Pennate_Raphid,25,20 - 30,pennate,solitary,24,4
30/03/2021,S.doh,Skeletonema_dohrnii,6,0,23,1,8.159,Pennate_Raphid,6,0 - 10,pennate,chains,24,4
30/03/2021,S.doh,Skeletonema_dohrnii,3,3,23,1,9.316,Pennate_Raphid,6,0 - 10,pennate,chains,24,4
30/03/2021,S.doh,Skeletonema_dohrnii,4,0,25,1,7.668,Pennate_Raphid,6,0 - 10,pennate,chains,24,4
30/03/2021,S.pin,Staurosirella_pinnata,0,2,25,3,6.537,Pennate_Araphid,5,0 - 10,pennate,chains,24,4
30/03/2021,S.pin,Staurosirella_pinnata,5,2,20,3,11.318,Pennate_Araphid,5,0 - 10,pennate,chains,24,4
30/03/2021,S.pin,Staurosirella_pinnata,0,2,20,8,2.893,Pennate_Araphid,5,0 - 10,pennate,chains,24,4
30/03/2021,Sur.sp,Surirella_sp,4,1,24,1,2.499,Pennate_Raphid,23,20 - 30,pennate,solitary,24,4
30/03/2021,Sur.sp,Surirella_sp,4,3,23,0,3.417,Pennate_Raphid,23,20 - 30,pennate,solitary,24,4
30/03/2021,Sur.sp,Surirella_sp,1,6,22,1,3.244,Pennate_Raphid,23,20 - 30,pennate,solitary,24,4
13/07/2021,nbc,Control_slip,1,1,27,1,0.007,nbc,nbc,nbc,nbc,nbc,24,4
13/07/2021,nbc,Control_slip,1,2,27,0,0.002,nbc,nbc,nbc,nbc,nbc,24,4
13/07/2021,nbc,Control_slip,2,0,28,0,0.056,nbc,nbc,nbc,nbc,nbc,24,4
13/07/2021,Hel.sp,Helicotheca_sp,6,3,21,0,0.079,Centric,95,75 - 100,round,chains,24,4
13/07/2021,Hel.sp,Helicotheca_sp,7,0,23,0,0.786,Centric,95,75 - 100,round,chains,24,4
13/07/2021,Hel.sp,Helicotheca_sp,5,3,22,0,0.184,Centric,95,75 - 100,round,chains,24,4
13/07/2021,C.pse,Chaetoceros_pseudocurvisetus,5,2,23,0,0.732,Centric,10,10 - 20,round,chains,24,4
13/07/2021,C.pse,Chaetoceros_pseudocurvisetus,7,1,20,2,0.298,Centric,10,10 - 20,round,chains,24,4
13/07/2021,C.pse,Chaetoceros_pseudocurvisetus,5,3,19,3,0.739,Centric,10,10 - 20,round,chains,24,4
13/07/2021,Amp.sp2,Amphora_sp_RCC7063,0,1,29,0,6.974,Pennate_Raphid,10,10 - 20,pennate,solitary,24,4
13/07/2021,Amp.sp2,Amphora_sp_RCC7063,1,2,27,0,10.113,Pennate_Raphid,10,10 - 20,pennate,solitary,24,4
13/07/2021,Amp.sp2,Amphora_sp_RCC7063,0,0,28,2,7.752,Pennate_Raphid,10,10 - 20,pennate,solitary,24,4
13/07/2021,A.bre,Achnanthes_brevipes,4,3,21,2,6.884,Pennate_Raphid,17.9,10 - 20,pennate,chains,24,4
13/07/2021,A.bre,Achnanthes_brevipes,9,1,20,0,11.622,Pennate_Raphid,17.9,10 - 20,pennate,chains,24,4
13/07/2021,A.bre,Achnanthes_brevipes,9,3,17,1,8.073,Pennate_Raphid,17.9,10 - 20,pennate,chains,24,4
13/07/2021,Hya.sp,Hyalosira_sp,11,2,17,0,5.138,Pennate_Araphid,4,0 - 10,pennate,chains,24,4
13/07/2021,Hya.sp,Hyalosira_sp,8,4,18,0,15.979,Pennate_Araphid,4,0 - 10,pennate,chains,24,4
13/07/2021,Hya.sp,Hyalosira_sp,8,2,20,0,12.24,Pennate_Araphid,4,0 - 10,pennate,chains,24,4
13/07/2021,Gom.sp,Gomphonema_sp,9,2,19,0,3.509,Pennate_Raphid,20,20 - 30,pennate,chains,24,4
13/07/2021,Gom.sp,Gomphonema_sp,12,3,15,0,2.61,Pennate_Raphid,20,20 - 30,pennate,chains,24,4
13/07/2021,Gom.sp,Gomphonema_sp,6,5,18,1,8.242,Pennate_Raphid,20,20 - 30,pennate,chains,24,4
13/07/2021,Cyc.sp,Cyclotella_sp,7,2,21,0,4.451,Centric,7,0 - 10,round,solitary,24,4
13/07/2021,Cyc.sp,Cyclotella_sp,2,0,28,0,3.139,Centric,7,0 - 10,round,solitary,24,4
13/07/2021,Cyc.sp,Cyclotella_sp,2,2,26,0,7.106,Centric,7,0 - 10,round,solitary,24,4
13/07/2021,Bac.sp,Bacteriastrum_sp,2,0,27,1,4.193,Centric,10,10 - 20,round,chains,24,4
13/07/2021,Bac.sp,Bacteriastrum_sp,4,4,21,1,5.116,Centric,10,10 - 20,round,chains,24,4
13/07/2021,Bac.sp,Bacteriastrum_sp,3,1,26,0,4.166,Centric,10,10 - 20,round,chains,24,4
13/07/2021,Dip.sp,Diploneis_sp,0,3,25,2,0.337,Pennate_Raphid,35,30 - 40,pennate,solitary,24,4
13/07/2021,Dip.sp,Diploneis_sp,3,1,26,0,0.205,Pennate_Raphid,35,30 - 40,pennate,solitary,24,4
13/07/2021,Dip.sp,Diploneis_sp,2,3,24,1,0.245,Pennate_Raphid,35,30 - 40,pennate,solitary,24,4
13/07/2021,Cos.sp,Coscinodiscus_sp,1,2,25,2,0.41,Centric,73,50 - 75,round,solitary,24,4
13/07/2021,Cos.sp,Coscinodiscus_sp,1,4,23,2,0.289,Centric,73,50 - 75,round,solitary,24,4
13/07/2021,Cos.sp,Coscinodiscus_sp,1,2,25,2,0.277,Centric,73,50 - 75,round,solitary,24,4
13/07/2021,N.lae,Nitzschia_laevis,6,7,17,0,11.951,Pennate_Raphid,12,10 - 20,pennate,solitary,24,4
13/07/2021,N.lae,Nitzschia_laevis,4,1,25,0,15.331,Pennate_Raphid,12,10 - 20,pennate,solitary,24,4
13/07/2021,N.lae,Nitzschia_laevis,7,5,17,1,9.519,Pennate_Raphid,12,10 - 20,pennate,solitary,24,4
13/07/2021,Tab.sp,Tabularia_sp,4,1,24,1,2.365,Pennate_Araphid,13,10 - 20,pennate,solitary,24,4
13/07/2021,Tab.sp,Tabularia_sp,8,3,17,2,2.227,Pennate_Araphid,13,10 - 20,pennate,solitary,24,4
13/07/2021,Tab.sp,Tabularia_sp,3,2,23,2,5.24,Pennate_Araphid,13,10 - 20,pennate,solitary,24,4
13/07/2021,C.con,Chaetoceros_convolutus,1,1,27,1,0.464,Centric,25,20 - 30,round,chains,24,4
13/07/2021,C.con,Chaetoceros_convolutus,0,1,29,0,0.15,Centric,25,20 - 30,round,chains,24,4
13/07/2021,C.con,Chaetoceros_convolutus,1,1,27,1,0.199,Centric,25,20 - 30,round,chains,24,4
13/07/2021,M.num,Melosira_nummuloides,2,0,25,3,0.501,Centric,30,30 - 40,round,chains,24,4
13/07/2021,M.num,Melosira_nummuloides,5,3,22,0,0.41,Centric,30,30 - 40,round,chains,24,4
13/07/2021,M.num,Melosira_nummuloides,8,1,21,0,0.809,Centric,30,30 - 40,round,chains,24,4
13/07/2021,A.gla,Asterionellopsis_cf_glacialis,1,0,29,0,0.35,Pennate_Araphid,58,50 - 75,pennate,solitary,24,4
13/07/2021,A.gla,Asterionellopsis_cf_glacialis,2,1,27,0,0.261,Pennate_Araphid,58,50 - 75,pennate,solitary,24,4
13/07/2021,A.gla,Asterionellopsis_cf_glacialis,2,2,25,1,0.304,Pennate_Araphid,58,50 - 75,pennate,solitary,24,4
13/07/2021,C.lau,Chaetoceros_cf_lauderi,4,1,25,0,0.543,Centric,28,20 - 30,round,chains,24,4
13/07/2021,C.lau,Chaetoceros_cf_lauderi,4,1,24,1,0.616,Centric,28,20 - 30,round,chains,24,4
13/07/2021,C.lau,Chaetoceros_cf_lauderi,4,5,20,1,0.472,Centric,28,20 - 30,round,chains,24,4
02/08/2021,nbc,Control_slip,0,0,29,1,0.001,nbc,nbc,nbc,nbc,nbc,24,4
02/08/2021,nbc,Control_slip,1,0,29,0,0.003,nbc,nbc,nbc,nbc,nbc,24,4
02/08/2021,nbc,Control_slip,1,0,28,1,0.002,nbc,nbc,nbc,nbc,nbc,24,4
02/08/2021,Hel.sp,Helicotheca_sp,0,0,29,1,0.017,Centric,95,75 - 100,round,chains,24,4
02/08/2021,Hel.sp,Helicotheca_sp,5,1,23,1,0.093,Centric,95,75 - 100,round,chains,24,4
02/08/2021,Hel.sp,Helicotheca_sp,11,0,18,1,0.163,Centric,95,75 - 100,round,chains,24,4
02/08/2021,C.pse,Chaetoceros_pseudocurvisetus,1,0,29,0,0.453,Centric,10,10 - 20,round,chains,24,4
02/08/2021,C.pse,Chaetoceros_pseudocurvisetus,5,1,23,1,0.316,Centric,10,10 - 20,round,chains,24,4
02/08/2021,C.pse,Chaetoceros_pseudocurvisetus,3,2,21,4,0.221,Centric,10,10 - 20,round,chains,24,4
02/08/2021,Amp.sp2,Amphora_sp_RCC7063,4,1,25,0,6.188,Pennate_Raphid,10,10 - 20,pennate,solitary,24,4
02/08/2021,Amp.sp2,Amphora_sp_RCC7063,2,1,25,2,8.926,Pennate_Raphid,10,10 - 20,pennate,solitary,24,4
02/08/2021,Amp.sp2,Amphora_sp_RCC7063,2,1,27,0,9.19,Pennate_Raphid,10,10 - 20,pennate,solitary,24,4
02/08/2021,A.bre,Achnanthes_brevipes,7,0,23,0,3.82,Pennate_Raphid,17.9,10 - 20,pennate,chains,24,4
02/08/2021,A.bre,Achnanthes_brevipes,7,1,22,0,2.771,Pennate_Raphid,17.9,10 - 20,pennate,chains,24,4
02/08/2021,A.bre,Achnanthes_brevipes,12,4,12,2,3.751,Pennate_Raphid,17.9,10 - 20,pennate,chains,24,4
02/08/2021,Hya.sp,Hyalosira_sp,6,0,24,0,8.316,Pennate_Araphid,4,0 - 10,pennate,chains,24,4
02/08/2021,Hya.sp,Hyalosira_sp,0,0,29,1,8.941,Pennate_Araphid,4,0 - 10,pennate,chains,24,4
02/08/2021,Hya.sp,Hyalosira_sp,2,2,26,0,6.485,Pennate_Araphid,4,0 - 10,pennate,chains,24,4
02/08/2021,Gom.sp,Gomphonema_sp,7,0,22,1,1.533,Pennate_Raphid,20,20 - 30,pennate,chains,24,4
02/08/2021,Gom.sp,Gomphonema_sp,2,0,26,2,2.085,Pennate_Raphid,20,20 - 30,pennate,chains,24,4
02/08/2021,Gom.sp,Gomphonema_sp,0,0,27,3,1.077,Pennate_Raphid,20,20 - 30,pennate,chains,24,4
02/08/2021,Cyc.sp,Cyclotella_sp,2,0,26,2,0.485,Centric,7,0 - 10,round,solitary,24,4
02/08/2021,Cyc.sp,Cyclotella_sp,1,1,28,0,0.391,Centric,7,0 - 10,round,solitary,24,4
02/08/2021,Cyc.sp,Cyclotella_sp,5,3,21,1,0.159,Centric,7,0 - 10,round,solitary,24,4
02/08/2021,Bac.sp,Bacteriastrum_sp,6,1,22,1,0.612,Centric,10,10 - 20,round,chains,24,4
02/08/2021,Bac.sp,Bacteriastrum_sp,1,0,27,2,0.412,Centric,10,10 - 20,round,chains,24,4
02/08/2021,Bac.sp,Bacteriastrum_sp,2,1,25,2,0.375,Centric,10,10 - 20,round,chains,24,4
02/08/2021,Dip.sp,Diploneis_sp,4,0,26,0,0.112,Pennate_Raphid,35,30 - 40,pennate,solitary,24,4
02/08/2021,Dip.sp,Diploneis_sp,1,1,26,2,0.091,Pennate_Raphid,35,30 - 40,pennate,solitary,24,4
02/08/2021,Dip.sp,Diploneis_sp,1,1,27,1,0.136,Pennate_Raphid,35,30 - 40,pennate,solitary,24,4
02/08/2021,Cos.sp,Coscinodiscus_sp,1,0,29,0,0.145,Centric,73,50 - 75,round,solitary,24,4
02/08/2021,Cos.sp,Coscinodiscus_sp,1,0,28,1,0.138,Centric,73,50 - 75,round,solitary,24,4
02/08/2021,Cos.sp,Coscinodiscus_sp,1,0,28,1,0.069,Centric,73,50 - 75,round,solitary,24,4
02/08/2021,N.lae,Nitzschia_laevis,2,1,25,2,3.45,Pennate_Raphid,12,10 - 20,pennate,solitary,24,4
02/08/2021,N.lae,Nitzschia_laevis,6,1,22,1,5.664,Pennate_Raphid,12,10 - 20,pennate,solitary,24,4
02/08/2021,N.lae,Nitzschia_laevis,11,0,19,0,4.862,Pennate_Raphid,12,10 - 20,pennate,solitary,24,4
02/08/2021,Tab.sp,Tabularia_sp,7,0,21,2,4.191,Pennate_Araphid,13,10 - 20,pennate,solitary,24,4
02/08/2021,Tab.sp,Tabularia_sp,1,0,27,2,4.661,Pennate_Araphid,13,10 - 20,pennate,solitary,24,4
02/08/2021,Tab.sp,Tabularia_sp,5,3,22,0,2.14,Pennate_Araphid,13,10 - 20,pennate,solitary,24,4
02/08/2021,C.con,Chaetoceros_convolutus,0,1,27,2,0.174,Centric,25,20 - 30,round,chains,24,4
02/08/2021,C.con,Chaetoceros_convolutus,0,0,29,1,0.118,Centric,25,20 - 30,round,chains,24,4
02/08/2021,C.con,Chaetoceros_convolutus,0,0,30,0,0.229,Centric,25,20 - 30,round,chains,24,4
02/08/2021,M.num,Melosira_nummuloides,0,0,28,2,0.048,Centric,30,30 - 40,round,chains,24,4
02/08/2021,M.num,Melosira_nummuloides,1,2,25,1,0.189,Centric,30,30 - 40,round,chains,24,4
02/08/2021,M.num,Melosira_nummuloides,0,1,28,1,0.446,Centric,30,30 - 40,round,chains,24,4
02/08/2021,A.gla,Asterionellopsis_cf_glacialis,1,1,26,2,0.059,Pennate_Araphid,58,50 - 75,pennate,solitary,24,4
02/08/2021,A.gla,Asterionellopsis_cf_glacialis,3,1,26,0,0.29,Pennate_Araphid,58,50 - 75,pennate,solitary,24,4
02/08/2021,A.gla,Asterionellopsis_cf_glacialis,0,1,28,1,0.221,Pennate_Araphid,58,50 - 75,pennate,solitary,24,4
02/08/2021,C.lau,Chaetoceros_cf_lauderi,2,3,24,1,0.08,Centric,28,20 - 30,round,chains,24,4
02/08/2021,C.lau,Chaetoceros_cf_lauderi,3,1,23,3,0.056,Centric,28,20 - 30,round,chains,24,4
02/08/2021,C.lau,Chaetoceros_cf_lauderi,5,2,23,0,0.035,Centric,28,20 - 30,round,chains,24,4
10/08/2021,nbc,Control_slip,2,1,27,0,0.001,nbc,nbc,nbc,nbc,nbc,24,4
10/08/2021,nbc,Control_slip,1,0,29,0,0.003,nbc,nbc,nbc,nbc,nbc,24,4
10/08/2021,nbc,Control_slip,1,0,29,0,0.002,nbc,nbc,nbc,nbc,nbc,24,4
10/08/2021,Hel.sp,Helicotheca_sp,0,0,29,1,0.077,Centric,95,75 - 100,round,chains,24,4
10/08/2021,Hel.sp,Helicotheca_sp,1,1,27,1,0.212,Centric,95,75 - 100,round,chains,24,4
10/08/2021,Hel.sp,Helicotheca_sp,0,1,26,3,0.114,Centric,95,75 - 100,round,chains,24,4
10/08/2021,C.pse,Chaetoceros_pseudocurvisetus,2,2,26,0,0.284,Centric,10,10 - 20,round,chains,24,4
10/08/2021,C.pse,Chaetoceros_pseudocurvisetus,0,3,26,1,0.347,Centric,10,10 - 20,round,chains,24,4
10/08/2021,C.pse,Chaetoceros_pseudocurvisetus,4,1,25,0,0.272,Centric,10,10 - 20,round,chains,24,4
10/08/2021,Amp.sp2,Amphora_sp_RCC7063,8,1,19,2,6.228,Pennate_Raphid,10,10 - 20,pennate,solitary,24,4
10/08/2021,Amp.sp2,Amphora_sp_RCC7063,10,2,16,2,6.425,Pennate_Raphid,10,10 - 20,pennate,solitary,24,4
10/08/2021,Amp.sp2,Amphora_sp_RCC7063,12,2,15,1,11.049,Pennate_Raphid,10,10 - 20,pennate,solitary,24,4
10/08/2021,A.bre,Achnanthes_brevipes,9,2,19,0,2.91,Pennate_Raphid,17.9,10 - 20,pennate,chains,24,4
10/08/2021,A.bre,Achnanthes_brevipes,9,2,17,2,3.752,Pennate_Raphid,17.9,10 - 20,pennate,chains,24,4
10/08/2021,A.bre,Achnanthes_brevipes,11,1,17,1,2.955,Pennate_Raphid,17.9,10 - 20,pennate,chains,24,4
10/08/2021,Hya.sp,Hyalosira_sp,8,1,19,2,9.314,Pennate_Araphid,4,0 - 10,pennate,chains,24,4
10/08/2021,Hya.sp,Hyalosira_sp,3,1,26,0,6.244,Pennate_Araphid,4,0 - 10,pennate,chains,24,4
10/08/2021,Hya.sp,Hyalosira_sp,3,0,26,1,5.641,Pennate_Araphid,4,0 - 10,pennate,chains,24,4
10/08/2021,Gom.sp,Gomphonema_sp,1,3,24,2,1.783,Pennate_Raphid,20,20 - 30,pennate,chains,24,4
10/08/2021,Gom.sp,Gomphonema_sp,5,0,24,1,1.988,Pennate_Raphid,20,20 - 30,pennate,chains,24,4
10/08/2021,Gom.sp,Gomphonema_sp,3,0,26,1,0.81,Pennate_Raphid,20,20 - 30,pennate,chains,24,4
10/08/2021,Cyc.sp,Cyclotella_sp,1,2,25,2,0.338,Centric,7,0 - 10,round,solitary,24,4
10/08/2021,Cyc.sp,Cyclotella_sp,4,2,24,0,0.316,Centric,7,0 - 10,round,solitary,24,4
10/08/2021,Cyc.sp,Cyclotella_sp,7,2,19,2,0.133,Centric,7,0 - 10,round,solitary,24,4
10/08/2021,Bac.sp,Bacteriastrum_sp,8,1,19,2,0.563,Centric,10,10 - 20,round,chains,24,4
10/08/2021,Bac.sp,Bacteriastrum_sp,1,2,26,1,0.581,Centric,10,10 - 20,round,chains,24,4
10/08/2021,Bac.sp,Bacteriastrum_sp,3,0,26,1,0.548,Centric,10,10 - 20,round,chains,24,4
10/08/2021,Dip.sp,Diploneis_sp,5,2,23,0,0.292,Pennate_Raphid,35,30 - 40,pennate,solitary,24,4
10/08/2021,Dip.sp,Diploneis_sp,1,1,25,3,0.084,Pennate_Raphid,35,30 - 40,pennate,solitary,24,4
10/08/2021,Dip.sp,Diploneis_sp,3,3,22,2,0.509,Pennate_Raphid,35,30 - 40,pennate,solitary,24,4
10/08/2021,Cos.sp,Coscinodiscus_sp,4,2,23,1,0.054,Centric,73,50 - 75,round,solitary,24,4
10/08/2021,Cos.sp,Coscinodiscus_sp,4,3,22,1,0.123,Centric,73,50 - 75,round,solitary,24,4
10/08/2021,Cos.sp,Coscinodiscus_sp,7,2,19,2,0.128,Centric,73,50 - 75,round,solitary,24,4
10/08/2021,N.lae,Nitzschia_laevis,12,0,15,3,4.762,Pennate_Raphid,12,10 - 20,pennate,solitary,24,4
10/08/2021,N.lae,Nitzschia_laevis,8,2,19,1,6.569,Pennate_Raphid,12,10 - 20,pennate,solitary,24,4
10/08/2021,N.lae,Nitzschia_laevis,21,0,8,1,5.905,Pennate_Raphid,12,10 - 20,pennate,solitary,24,4
10/08/2021,Tab.sp,Tabularia_sp,7,1,21,1,4.253,Pennate_Araphid,13,10 - 20,pennate,solitary,24,4
10/08/2021,Tab.sp,Tabularia_sp,5,1,23,1,5.309,Pennate_Araphid,13,10 - 20,pennate,solitary,24,4
10/08/2021,Tab.sp,Tabularia_sp,3,4,21,2,2.555,Pennate_Araphid,13,10 - 20,pennate,solitary,24,4
10/08/2021,C.con,Chaetoceros_convolutus,4,1,23,2,0.157,Centric,25,20 - 30,round,chains,24,4
10/08/2021,C.con,Chaetoceros_convolutus,1,2,27,0,0.205,Centric,25,20 - 30,round,chains,24,4
10/08/2021,C.con,Chaetoceros_convolutus,0,3,26,1,0.443,Centric,25,20 - 30,round,chains,24,4
10/08/2021,M.num,Melosira_nummuloides,3,2,24,1,0.081,Centric,30,30 - 40,round,chains,24,4
10/08/2021,M.num,Melosira_nummuloides,1,0,29,0,0.584,Centric,30,30 - 40,round,chains,24,4
10/08/2021,M.num,Melosira_nummuloides,8,0,22,0,0.246,Centric,30,30 - 40,round,chains,24,4
10/08/2021,A.gla,Asterionellopsis_cf_glacialis,1,0,28,1,0.089,Pennate_Araphid,58,50 - 75,pennate,solitary,24,4
10/08/2021,A.gla,Asterionellopsis_cf_glacialis,1,3,25,1,0.048,Pennate_Araphid,58,50 - 75,pennate,solitary,24,4
10/08/2021,A.gla,Asterionellopsis_cf_glacialis,1,0,28,1,0.052,Pennate_Araphid,58,50 - 75,pennate,solitary,24,4
10/08/2021,C.lau,Chaetoceros_cf_lauderi,0,0,29,1,0.079,Centric,28,20 - 30,round,chains,24,4
10/08/2021,C.lau,Chaetoceros_cf_lauderi,3,1,24,2,0.206,Centric,28,20 - 30,round,chains,24,4
10/08/2021,C.lau,Chaetoceros_cf_lauderi,0,1,27,2,0.072,Centric,28,20 - 30,round,chains,24,4
12/04/2022,N.phy,Navicula_phyllepta,1,2,25,2,1.922,Pennate_Raphid,10,10 - 20,pennate,solitary,24,4
12/04/2022,N.phy,Navicula_phyllepta,3,3,21,3,0.883,Pennate_Raphid,10,10 - 20,pennate,solitary,24,4
12/04/2022,N.phy,Navicula_phyllepta,1,3,25,1,1.406,Pennate_Raphid,10,10 - 20,pennate,solitary,24,4
12/04/2022,C.clo,Cylindrotheca_closterium,12,2,14,2,25.627,Pennate_Raphid,43,40 - 50,pennate,solitary,24,4
12/04/2022,C.clo,Cylindrotheca_closterium,9,0,17,4,27.949,Pennate_Raphid,43,40 - 50,pennate,solitary,24,4
12/04/2022,C.clo,Cylindrotheca_closterium,5,1,22,2,27.364,Pennate_Raphid,43,40 - 50,pennate,solitary,24,4
12/04/2022,S.rob,Seminavis_robusta,1,3,25,1,16.214,Pennate_Raphid,64,50 - 75,pennate,solitary,24,4
12/04/2022,S.rob,Seminavis_robusta,2,5,21,2,11.062,Pennate_Raphid,64,50 - 75,pennate,solitary,24,4
12/04/2022,S.rob,Seminavis_robusta,3,3,24,0,11.691,Pennate_Raphid,64,50 - 75,pennate,solitary,24,4
12/04/2022,A.yaq1,Achnanthes_yaquinensis_0020,11,0,17,2,6.09,Pennate_Raphid,98,75 - 100,pennate,chains,24,4
12/04/2022,A.yaq1,Achnanthes_yaquinensis_0020,3,1,25,1,0.958,Pennate_Raphid,98,75 - 100,pennate,chains,24,4
12/04/2022,A.yaq1,Achnanthes_yaquinensis_0020,0,2,27,1,1.807,Pennate_Raphid,98,75 - 100,pennate,chains,24,4
12/04/2022,A.yaq2,Achnanthes_yaquinensis_0053,1,3,24,2,5.868,Pennate_Raphid,98,75 - 100,pennate,chains,24,4
12/04/2022,A.yaq2,Achnanthes_yaquinensis_0053,3,0,25,2,2.788,Pennate_Raphid,98,75 - 100,pennate,chains,24,4
12/04/2022,A.yaq2,Achnanthes_yaquinensis_0053,0,3,25,2,2.675,Pennate_Raphid,98,75 - 100,pennate,chains,24,4
12/04/2022,C.wei,Conticribra_weisflogii,9,0,19,2,1.058,Centric,10,10 - 20,round,solitary,24,4
12/04/2022,C.wei,Conticribra_weisflogii,3,2,22,3,1.125,Centric,10,10 - 20,round,solitary,24,4
12/04/2022,C.wei,Conticribra_weisflogii,1,1,26,2,1.138,Centric,10,10 - 20,round,solitary,24,4
12/04/2022,F.vir,Fragilariformia_virescens,5,0,23,2,16.696,Pennate_Araphid,47,40 - 50,pennate,chains,24,4
12/04/2022,F.vir,Fragilariformia_virescens,4,2,22,2,13.362,Pennate_Araphid,47,40 - 50,pennate,chains,24,4
12/04/2022,F.vir,Fragilariformia_virescens,5,2,21,2,17.189,Pennate_Araphid,47,40 - 50,pennate,chains,24,4
04/05/2022,N.phy,Navicula_phyllepta,2,4,23,1,0.846,Pennate_Raphid,10,10 - 20,pennate,solitary,24,4
04/05/2022,N.phy,Navicula_phyllepta,2,9,17,2,0.729,Pennate_Raphid,10,10 - 20,pennate,solitary,24,4
04/05/2022,N.phy,Navicula_phyllepta,3,8,17,2,0.63,Pennate_Raphid,10,10 - 20,pennate,solitary,24,4
04/05/2022,C.clo,Cylindrotheca_closterium,8,3,18,1,9.195,Pennate_Raphid,43,40 - 50,pennate,solitary,24,4
04/05/2022,C.clo,Cylindrotheca_closterium,1,11,25,3,9.172,Pennate_Raphid,43,40 - 50,pennate,solitary,24,4
04/05/2022,C.clo,Cylindrotheca_closterium,8,10,10,2,8.367,Pennate_Raphid,43,40 - 50,pennate,solitary,24,4
04/05/2022,S.rob,Seminavis_robusta,5,5,20,0,13.309,Pennate_Raphid,64,50 - 75,pennate,solitary,24,4
04/05/2022,S.rob,Seminavis_robusta,3,6,19,2,12.64,Pennate_Raphid,64,50 - 75,pennate,solitary,24,4
04/05/2022,S.rob,Seminavis_robusta,2,10,18,0,12.882,Pennate_Raphid,64,50 - 75,pennate,solitary,24,4
04/05/2022,A.yaq1,Achnanthes_yaquinensis_0020,2,3,23,2,8.03,Pennate_Raphid,98,75 - 100,pennate,chains,24,4
04/05/2022,A.yaq1,Achnanthes_yaquinensis_0020,3,10,15,2,10.365,Pennate_Raphid,98,75 - 100,pennate,chains,24,4
04/05/2022,A.yaq1,Achnanthes_yaquinensis_0020,6,5,16,3,9.314,Pennate_Raphid,98,75 - 100,pennate,chains,24,4
04/05/2022,A.yaq2,Achnanthes_yaquinensis_0053,3,6,20,1,3.864,Pennate_Raphid,98,75 - 100,pennate,chains,24,4
04/05/2022,A.yaq2,Achnanthes_yaquinensis_0053,1,3,26,0,6.419,Pennate_Raphid,98,75 - 100,pennate,chains,24,4
04/05/2022,A.yaq2,Achnanthes_yaquinensis_0053,3,6,20,1,4.263,Pennate_Raphid,98,75 - 100,pennate,chains,24,4
04/05/2022,C.wei,Conticribra_weisflogii,2,6,20,2,0.561,Centric,10,10 - 20,round,solitary,24,4
04/05/2022,C.wei,Conticribra_weisflogii,4,3,20,3,0.656,Centric,10,10 - 20,round,solitary,24,4
04/05/2022,C.wei,Conticribra_weisflogii,3,10,15,2,0.321,Centric,10,10 - 20,round,solitary,24,4
04/05/2022,F.vir,Fragilariformia_virescens,7,6,15,2,16.949,Pennate_Araphid,47,40 - 50,pennate,chains,24,4
04/05/2022,F.vir,Fragilariformia_virescens,9,6,14,1,14.507,Pennate_Araphid,47,40 - 50,pennate,chains,24,4
04/05/2022,F.vir,Fragilariformia_virescens,4,5,19,2,15.721,Pennate_Araphid,47,40 - 50,pennate,chains,24,4
04/05/2022,T.sue,Tetraselmis_suecica,3,10,15,2,0.354,Green_microalgae,11,10 - 20,round,solitary,24,4
04/05/2022,T.sue,Tetraselmis_suecica,4,9,21,2,0.358,Green_microalgae,11,10 - 20,round,solitary,24,4
04/05/2022,T.sue,Tetraselmis_suecica,9,9,9,3,0.179,Green_microalgae,11,10 - 20,round,solitary,24,4
04/05/2022,T.sue,Tetraselmis_suecica,8,7,14,1,0.674,Green_microalgae,11,10 - 20,round,solitary,24,4
04/05/2022,T.sue,Tetraselmis_suecica,6,8,12,4,1.031,Green_microalgae,11,10 - 20,round,solitary,24,4
04/05/2022,T.sue,Tetraselmis_suecica,4,9,13,4,0.382,Green_microalgae,11,10 - 20,round,solitary,24,4
10/05/2022,N.phy,Navicula_phyllepta,2,0,25,3,0.209,Pennate_Raphid,10,10 - 20,pennate,solitary,24,4
10/05/2022,N.phy,Navicula_phyllepta,2,2,24,2,0.343,Pennate_Raphid,10,10 - 20,pennate,solitary,24,4
10/05/2022,N.phy,Navicula_phyllepta,0,2,26,2,0.335,Pennate_Raphid,10,10 - 20,pennate,solitary,24,4
10/05/2022,C.clo,Cylindrotheca_closterium,3,5,21,1,10.672,Pennate_Raphid,43,40 - 50,pennate,solitary,24,4
10/05/2022,C.clo,Cylindrotheca_closterium,0,4,26,0,21.599,Pennate_Raphid,43,40 - 50,pennate,solitary,24,4
10/05/2022,C.clo,Cylindrotheca_closterium,6,6,15,3,12.733,Pennate_Raphid,43,40 - 50,pennate,solitary,24,4
10/05/2022,S.rob,Seminavis_robusta,5,1,23,1,12.541,Pennate_Raphid,64,50 - 75,pennate,solitary,24,4
10/05/2022,S.rob,Seminavis_robusta,12,4,13,1,9.512,Pennate_Raphid,64,50 - 75,pennate,solitary,24,4
10/05/2022,S.rob,Seminavis_robusta,5,6,18,1,9.066,Pennate_Raphid,64,50 - 75,pennate,solitary,24,4
10/05/2022,A.yaq1,Achnanthes_yaquinensis_0020,1,5,23,1,5.129,Pennate_Raphid,98,75 - 100,pennate,chains,24,4
10/05/2022,A.yaq1,Achnanthes_yaquinensis_0020,8,5,16,1,7.657,Pennate_Raphid,98,75 - 100,pennate,chains,24,4
10/05/2022,A.yaq1,Achnanthes_yaquinensis_0020,6,15,8,1,5.162,Pennate_Raphid,98,75 - 100,pennate,chains,24,4
10/05/2022,A.yaq2,Achnanthes_yaquinensis_0053,4,4,21,1,4.606,Pennate_Raphid,98,75 - 100,pennate,chains,24,4
10/05/2022,A.yaq2,Achnanthes_yaquinensis_0053,13,3,12,2,6.142,Pennate_Raphid,98,75 - 100,pennate,chains,24,4
10/05/2022,A.yaq2,Achnanthes_yaquinensis_0053,6,6,16,2,3.757,Pennate_Raphid,98,75 - 100,pennate,chains,24,4
10/05/2022,C.wei,Conticribra_weisflogii,2,2,26,0,0.835,Centric,10,10 - 20,round,solitary,24,4
10/05/2022,C.wei,Conticribra_weisflogii,0,3,25,2,0.22,Centric,10,10 - 20,round,solitary,24,4
10/05/2022,C.wei,Conticribra_weisflogii,8,1,20,1,0.212,Centric,10,10 - 20,round,solitary,24,4
10/05/2022,F.vir,Fragilariformia_virescens,2,0,27,1,13.346,Pennate_Araphid,47,40 - 50,pennate,chains,24,4
10/05/2022,F.vir,Fragilariformia_virescens,7,1,22,0,14.025,Pennate_Araphid,47,40 - 50,pennate,chains,24,4
10/05/2022,F.vir,Fragilariformia_virescens,1,2,25,2,6.968,Pennate_Araphid,47,40 - 50,pennate,chains,24,4
10/05/2022,T.sue,Tetraselmis_suecica,13,2,15,0,1.274,Green_microalgae,11,10 - 20,round,solitary,24,4
10/05/2022,T.sue,Tetraselmis_suecica,9,5,16,0,1.663,Green_microalgae,11,10 - 20,round,solitary,24,4
10/05/2022,T.sue,Tetraselmis_suecica,4,0,25,1,1.171,Green_microalgae,11,10 - 20,round,solitary,24,4
16/03/2021,nbc,Control_slip,6,10,10,4,0.034,nbc,nbc,nbc,nbc,nbc,48,5
16/03/2021,nbc,Control_slip,4,6,16,4,0.005,nbc,nbc,nbc,nbc,nbc,48,5
16/03/2021,nbc,Control_slip,6,10,9,5,0.16,nbc,nbc,nbc,nbc,nbc,48,5
16/03/2021,Ach.sp,Achnanthes_sp,10,3,14,3,19.985,Pennate_Raphid,25,20 - 30,pennate,chains,48,5
16/03/2021,Ach.sp,Achnanthes_sp,9,6,14,1,17.249,Pennate_Raphid,25,20 - 30,pennate,chains,48,5
16/03/2021,Ach.sp,Achnanthes_sp,8,4,14,4,16.444,Pennate_Raphid,25,20 - 30,pennate,chains,48,5
16/03/2021,A.cof,Amphora_coffeaeformis,7,10,7,6,17.524,Pennate_Raphid,15,10 - 20,pennate,solitary,48,5
16/03/2021,A.cof,Amphora_coffeaeformis,7,3,18,2,25.941,Pennate_Raphid,15,10 - 20,pennate,solitary,48,5
16/03/2021,A.cof,Amphora_coffeaeformis,12,4,10,4,15.843,Pennate_Raphid,15,10 - 20,pennate,solitary,48,5
16/03/2021,Amp.sp,Amphora_sp,14,2,8,6,3.155,Pennate_Raphid,10,10 - 20,pennate,solitary,48,5
16/03/2021,Amp.sp,Amphora_sp,5,5,10,10,3.594,Pennate_Raphid,10,10 - 20,pennate,solitary,48,5
16/03/2021,Amp.sp,Amphora_sp,4,11,10,5,2.324,Pennate_Raphid,10,10 - 20,pennate,solitary,48,5
16/03/2021,C.lam,Chrysotila_lamellosa,6,3,15,6,5.297,Coccolithophore,6,0 - 10,round,solitary,48,5
16/03/2021,C.lam,Chrysotila_lamellosa,9,8,5,8,3.024,Coccolithophore,6,0 - 10,round,solitary,48,5
16/03/2021,C.lam,Chrysotila_lamellosa,5,5,16,4,4.673,Coccolithophore,6,0 - 10,round,solitary,48,5
16/03/2021,E.ala,Entomoneis_alata,5,5,16,4,0.355,Pennate_Raphid,15,10 - 20,pennate,solitary,48,5
16/03/2021,E.ala,Entomoneis_alata,8,12,7,3,0.578,Pennate_Raphid,15,10 - 20,pennate,solitary,48,5
16/03/2021,E.ala,Entomoneis_alata,5,7,14,4,0.244,Pennate_Raphid,15,10 - 20,pennate,solitary,48,5
16/03/2021,F.str,Fragilaria_striatula,6,1,17,6,15.773,Pennate_Araphid,6,0 - 10,pennate,chains,48,5
16/03/2021,F.str,Fragilaria_striatula,14,7,5,4,5.297,Pennate_Araphid,6,0 - 10,pennate,chains,48,5
16/03/2021,F.str,Fragilaria_striatula,9,2,15,4,12.635,Pennate_Araphid,6,0 - 10,pennate,chains,48,5
16/03/2021,Fra.sp,Fragilariopsis_sp,4,10,11,5,0.366,Pennate_Raphid,46,40 - 50,pennate,chains,48,5
16/03/2021,Fra.sp,Fragilariopsis_sp,6,9,7,8,0.772,Pennate_Raphid,46,40 - 50,pennate,chains,48,5
16/03/2021,Fra.sp,Fragilariopsis_sp,5,11,7,7,0.386,Pennate_Raphid,46,40 - 50,pennate,chains,48,5
16/03/2021,G.mar,Grammatophora_marina,16,2,5,7,1.836,Pennate_Araphid,13,10 - 20,pennate,chains,48,5
16/03/2021,G.mar,Grammatophora_marina,15,4,6,5,2.221,Pennate_Araphid,13,10 - 20,pennate,chains,48,5
16/03/2021,G.mar,Grammatophora_marina,15,4,2,9,4.741,Pennate_Araphid,13,10 - 20,pennate,chains,48,5
16/03/2021,Nav.sp,Navicula_sp,8,0,13,9,4.967,Pennate_Raphid,10,10 - 20,pennate,solitary,48,5
16/03/2021,Nav.sp,Navicula_sp,10,2,12,6,3.713,Pennate_Raphid,10,10 - 20,pennate,solitary,48,5
16/03/2021,Nav.sp,Navicula_sp,7,3,13,7,2.826,Pennate_Raphid,10,10 - 20,pennate,solitary,48,5
16/03/2021,N.epi,Nitzschia_epithemoides,6,8,14,2,3.514,Pennate_Raphid,7,0 - 10,pennate,chains,48,5
16/03/2021,N.epi,Nitzschia_epithemoides,10,10,6,4,3.549,Pennate_Raphid,7,0 - 10,pennate,chains,48,5
16/03/2021,N.epi,Nitzschia_epithemoides,10,8,7,5,3.236,Pennate_Raphid,7,0 - 10,pennate,chains,48,5
16/03/2021,N.ova,Nitzschia_ovalis,12,5,12,1,3.143,Pennate_Raphid,8,0 - 10,pennate,chains,48,5
16/03/2021,N.ova,Nitzschia_ovalis,7,4,15,4,3.383,Pennate_Raphid,8,0 - 10,pennate,chains,48,5
16/03/2021,N.ova,Nitzschia_ovalis,8,7,11,4,1.813,Pennate_Raphid,8,0 - 10,pennate,chains,48,5
16/03/2021,O.aur,Odontella_aurita,7,6,11,6,0.529,Centric,37,30 - 40,round,chains,48,5
16/03/2021,O.aur,Odontella_aurita,4,8,12,6,0.546,Centric,37,30 - 40,round,chains,48,5
16/03/2021,O.aur,Odontella_aurita,4,9,10,7,0.808,Centric,37,30 - 40,round,chains,48,5
16/03/2021,P.tri,Phaeodactylum_tricornutum,3,7,14,6,0.212,Pennate_Raphid,25,20 - 30,pennate,solitary,48,5
16/03/2021,P.tri,Phaeodactylum_tricornutum,4,12,9,5,0.16,Pennate_Raphid,25,20 - 30,pennate,solitary,48,5
16/03/2021,P.tri,Phaeodactylum_tricornutum,7,10,8,5,0.512,Pennate_Raphid,25,20 - 30,pennate,solitary,48,5
16/03/2021,S.doh,Skeletonema_dohrnii,12,4,11,3,13.218,Pennate_Raphid,6,0 - 10,pennate,chains,48,5
16/03/2021,S.doh,Skeletonema_dohrnii,14,0,12,4,14.653,Pennate_Raphid,6,0 - 10,pennate,chains,48,5
16/03/2021,S.doh,Skeletonema_dohrnii,15,0,12,3,13.083,Pennate_Raphid,6,0 - 10,pennate,chains,48,5
16/03/2021,S.pin,Staurosirella_pinnata,9,1,17,3,2.955,Pennate_Araphid,5,0 - 10,pennate,chains,48,5
16/03/2021,S.pin,Staurosirella_pinnata,10,3,14,3,1.439,Pennate_Araphid,5,0 - 10,pennate,chains,48,5
16/03/2021,S.pin,Staurosirella_pinnata,3,6,17,4,0.787,Pennate_Araphid,5,0 - 10,pennate,chains,48,5
16/03/2021,Sur.sp,Surirella_sp,15,0,9,6,0.566,Pennate_Raphid,23,20 - 30,pennate,solitary,48,5
16/03/2021,Sur.sp,Surirella_sp,3,11,12,4,0.233,Pennate_Raphid,23,20 - 30,pennate,solitary,48,5
16/03/2021,Sur.sp,Surirella_sp,12,1,12,5,0.845,Pennate_Raphid,23,20 - 30,pennate,solitary,48,5
23/03/2021,nbc,Control_slip,6,4,16,4,0.012,nbc,nbc,nbc,nbc,nbc,48,5
23/03/2021,nbc,Control_slip,0,5,21,4,0.0003875,nbc,nbc,nbc,nbc,nbc,48,5
23/03/2021,nbc,Control_slip,4,7,17,2,0.012,nbc,nbc,nbc,nbc,nbc,48,5
23/03/2021,Ach.sp,Achnanthes_sp,10,8,8,4,7.966,Pennate_Raphid,25,20 - 30,pennate,chains,48,5
23/03/2021,Ach.sp,Achnanthes_sp,14,3,10,3,9.082,Pennate_Raphid,25,20 - 30,pennate,chains,48,5
23/03/2021,Ach.sp,Achnanthes_sp,13,4,10,3,10.031,Pennate_Raphid,25,20 - 30,pennate,chains,48,5
23/03/2021,A.cof,Amphora_coffeaeformis,7,5,12,6,1.64,Pennate_Raphid,15,10 - 20,pennate,solitary,48,5
23/03/2021,A.cof,Amphora_coffeaeformis,2,6,14,8,1.83,Pennate_Raphid,15,10 - 20,pennate,solitary,48,5
23/03/2021,A.cof,Amphora_coffeaeformis,3,8,10,9,8.368,Pennate_Raphid,15,10 - 20,pennate,solitary,48,5
23/03/2021,Amp.sp,Amphora_sp,5,14,8,3,9.441,Pennate_Raphid,10,10 - 20,pennate,solitary,48,5
23/03/2021,Amp.sp,Amphora_sp,12,7,8,3,5.151,Pennate_Raphid,10,10 - 20,pennate,solitary,48,5
23/03/2021,Amp.sp,Amphora_sp,6,4,12,8,6.875,Pennate_Raphid,10,10 - 20,pennate,solitary,48,5
23/03/2021,C.lam,Chrysotila_lamellosa,12,10,4,4,4.081,Coccolithophore,6,0 - 10,round,solitary,48,5
23/03/2021,C.lam,Chrysotila_lamellosa,11,5,8,6,4.304,Coccolithophore,6,0 - 10,round,solitary,48,5
23/03/2021,C.lam,Chrysotila_lamellosa,4,8,12,6,1.655,Coccolithophore,6,0 - 10,round,solitary,48,5
23/03/2021,E.ala,Entomoneis_alata,5,7,13,5,0.072,Pennate_Raphid,15,10 - 20,pennate,solitary,48,5
23/03/2021,E.ala,Entomoneis_alata,9,5,8,8,0.548,Pennate_Raphid,15,10 - 20,pennate,solitary,48,5
23/03/2021,E.ala,Entomoneis_alata,3,6,6,15,0.413,Pennate_Raphid,15,10 - 20,pennate,solitary,48,5
23/03/2021,F.str,Fragilaria_striatula,3,8,10,9,24.701,Pennate_Araphid,6,0 - 10,pennate,chains,48,5
23/03/2021,F.str,Fragilaria_striatula,8,4,12,6,15.65,Pennate_Araphid,6,0 - 10,pennate,chains,48,5
23/03/2021,F.str,Fragilaria_striatula,9,7,7,7,23.259,Pennate_Araphid,6,0 - 10,pennate,chains,48,5
23/03/2021,Fra.sp,Fragilariopsis_sp,1,7,16,6,0.658,Pennate_Raphid,46,40 - 50,pennate,chains,48,5
23/03/2021,Fra.sp,Fragilariopsis_sp,1,9,15,5,0.413,Pennate_Raphid,46,40 - 50,pennate,chains,48,5
23/03/2021,Fra.sp,Fragilariopsis_sp,4,8,12,6,0.172,Pennate_Raphid,46,40 - 50,pennate,chains,48,5
23/03/2021,G.mar,Grammatophora_marina,13,3,5,9,7.607,Pennate_Araphid,13,10 - 20,pennate,chains,48,5
23/03/2021,G.mar,Grammatophora_marina,12,4,8,6,4.122,Pennate_Araphid,13,10 - 20,pennate,chains,48,5
23/03/2021,G.mar,Grammatophora_marina,14,1,10,5,7.919,Pennate_Araphid,13,10 - 20,pennate,chains,48,5
23/03/2021,Nav.sp,Navicula_sp,9,11,6,4,2.822,Pennate_Raphid,10,10 - 20,pennate,solitary,48,5
23/03/2021,Nav.sp,Navicula_sp,4,9,13,4,3.962,Pennate_Raphid,10,10 - 20,pennate,solitary,48,5
23/03/2021,Nav.sp,Navicula_sp,16,4,7,3,10.272,Pennate_Raphid,10,10 - 20,pennate,solitary,48,5
23/03/2021,N.epi,Nitzschia_epithemoides,8,7,8,7,5.476,Pennate_Raphid,7,0 - 10,pennate,chains,48,5
23/03/2021,N.epi,Nitzschia_epithemoides,5,15,9,1,3.06,Pennate_Raphid,7,0 - 10,pennate,chains,48,5
23/03/2021,N.epi,Nitzschia_epithemoides,10,8,9,3,0.419,Pennate_Raphid,7,0 - 10,pennate,chains,48,5
23/03/2021,N.ova,Nitzschia_ovalis,13,6,6,5,4.476,Pennate_Raphid,8,0 - 10,pennate,chains,48,5
23/03/2021,N.ova,Nitzschia_ovalis,5,12,8,5,4.076,Pennate_Raphid,8,0 - 10,pennate,chains,48,5
23/03/2021,N.ova,Nitzschia_ovalis,16,3,9,2,2.618,Pennate_Raphid,8,0 - 10,pennate,chains,48,5
23/03/2021,O.aur,Odontella_aurita,5,7,13,5,1.912,Centric,37,30 - 40,round,chains,48,5
23/03/2021,O.aur,Odontella_aurita,8,3,15,4,0.828,Centric,37,30 - 40,round,chains,48,5
23/03/2021,O.aur,Odontella_aurita,5,6,9,10,0.927,Centric,37,30 - 40,round,chains,48,5
23/03/2021,P.tri,Phaeodactylum_tricornutum,0,0,30,0,0.62,Pennate_Raphid,25,20 - 30,pennate,solitary,48,5
23/03/2021,P.tri,Phaeodactylum_tricornutum,2,3,22,3,0.486,Pennate_Raphid,25,20 - 30,pennate,solitary,48,5
23/03/2021,P.tri,Phaeodactylum_tricornutum,2,3,24,1,0.311,Pennate_Raphid,25,20 - 30,pennate,solitary,48,5
23/03/2021,S.doh,Skeletonema_dohrnii,10,5,10,5,13.398,Pennate_Raphid,6,0 - 10,pennate,chains,48,5
23/03/2021,S.doh,Skeletonema_dohrnii,14,2,9,5,12.177,Pennate_Raphid,6,0 - 10,pennate,chains,48,5
23/03/2021,S.doh,Skeletonema_dohrnii,13,2,11,4,14.408,Pennate_Raphid,6,0 - 10,pennate,chains,48,5
23/03/2021,S.pin,Staurosirella_pinnata,3,23,4,0,5.675,Pennate_Araphid,5,0 - 10,pennate,chains,48,5
23/03/2021,S.pin,Staurosirella_pinnata,11,6,10,3,5.06,Pennate_Araphid,5,0 - 10,pennate,chains,48,5
23/03/2021,S.pin,Staurosirella_pinnata,7,2,10,11,3.757,Pennate_Araphid,5,0 - 10,pennate,chains,48,5
23/03/2021,Sur.sp,Surirella_sp,12,7,7,4,3.485,Pennate_Raphid,23,20 - 30,pennate,solitary,48,5
23/03/2021,Sur.sp,Surirella_sp,6,6,14,4,2.325,Pennate_Raphid,23,20 - 30,pennate,solitary,48,5
23/03/2021,Sur.sp,Surirella_sp,16,5,5,4,1.233,Pennate_Raphid,23,20 - 30,pennate,solitary,48,5
30/03/2021,nbc,Control_slip,1,1,25,3,0.022,nbc,nbc,nbc,nbc,nbc,48,5
30/03/2021,nbc,Control_slip,1,1,26,4,0.01,nbc,nbc,nbc,nbc,nbc,48,5
30/03/2021,nbc,Control_slip,4,3,18,5,0.002,nbc,nbc,nbc,nbc,nbc,48,5
30/03/2021,Ach.sp,Achnanthes_sp,12,0,14,4,17.122,Pennate_Raphid,25,20 - 30,pennate,chains,48,5
30/03/2021,Ach.sp,Achnanthes_sp,10,1,13,6,23.756,Pennate_Raphid,25,20 - 30,pennate,chains,48,5
30/03/2021,Ach.sp,Achnanthes_sp,8,2,13,7,15.046,Pennate_Raphid,25,20 - 30,pennate,chains,48,5
30/03/2021,A.cof,Amphora_coffeaeformis,6,3,20,1,20.009,Pennate_Raphid,15,10 - 20,pennate,solitary,48,5
30/03/2021,A.cof,Amphora_coffeaeformis,8,1,19,2,24.152,Pennate_Raphid,15,10 - 20,pennate,solitary,48,5
30/03/2021,A.cof,Amphora_coffeaeformis,15,3,12,0,20.584,Pennate_Raphid,15,10 - 20,pennate,solitary,48,5
30/03/2021,Amp.sp,Amphora_sp,3,3,22,2,7.363,Pennate_Raphid,10,10 - 20,pennate,solitary,48,5
30/03/2021,Amp.sp,Amphora_sp,2,2,23,3,3.125,Pennate_Raphid,10,10 - 20,pennate,solitary,48,5
30/03/2021,Amp.sp,Amphora_sp,5,3,21,1,9.377,Pennate_Raphid,10,10 - 20,pennate,solitary,48,5
30/03/2021,C.lam,Chrysotila_lamellosa,4,2,22,2,12.842,Coccolithophore,6,0 - 10,round,solitary,48,5
30/03/2021,C.lam,Chrysotila_lamellosa,13,4,12,1,12.689,Coccolithophore,6,0 - 10,round,solitary,48,5
30/03/2021,C.lam,Chrysotila_lamellosa,6,9,14,1,7.57,Coccolithophore,6,0 - 10,round,solitary,48,5
30/03/2021,E.ala,Entomoneis_alata,5,2,21,2,2.874,Pennate_Raphid,15,10 - 20,pennate,solitary,48,5
30/03/2021,E.ala,Entomoneis_alata,3,2,18,1,2.126,Pennate_Raphid,15,10 - 20,pennate,solitary,48,5
30/03/2021,E.ala,Entomoneis_alata,7,11,11,1,2.509,Pennate_Raphid,15,10 - 20,pennate,solitary,48,5
30/03/2021,F.str,Fragilaria_striatula,10,5,12,3,7.43,Pennate_Araphid,6,0 - 10,pennate,chains,48,5
30/03/2021,F.str,Fragilaria_striatula,11,5,12,2,3.402,Pennate_Araphid,6,0 - 10,pennate,chains,48,5
30/03/2021,F.str,Fragilaria_striatula,18,8,4,0,5.812,Pennate_Araphid,6,0 - 10,pennate,chains,48,5
30/03/2021,Fra.sp,Fragilariopsis_sp,3,2,24,1,0.278,Pennate_Raphid,46,40 - 50,pennate,chains,48,5
30/03/2021,Fra.sp,Fragilariopsis_sp,2,4,22,2,0.213,Pennate_Raphid,46,40 - 50,pennate,chains,48,5
30/03/2021,Fra.sp,Fragilariopsis_sp,3,4,20,3,0.387,Pennate_Raphid,46,40 - 50,pennate,chains,48,5
30/03/2021,G.mar,Grammatophora_marina,8,4,18,0,4.331,Pennate_Araphid,13,10 - 20,pennate,chains,48,5
30/03/2021,G.mar,Grammatophora_marina,7,5,16,2,5.905,Pennate_Araphid,13,10 - 20,pennate,chains,48,5
30/03/2021,G.mar,Grammatophora_marina,9,7,11,3,6,Pennate_Araphid,13,10 - 20,pennate,chains,48,5
30/03/2021,Nav.sp,Navicula_sp,7,0,19,4,0.677,Pennate_Raphid,10,10 - 20,pennate,solitary,48,5
30/03/2021,Nav.sp,Navicula_sp,4,9,9,8,0.301,Pennate_Raphid,10,10 - 20,pennate,solitary,48,5
30/03/2021,Nav.sp,Navicula_sp,4,4,13,9,1.258,Pennate_Raphid,10,10 - 20,pennate,solitary,48,5
30/03/2021,N.epi,Nitzschia_epithemoides,5,5,12,8,10.981,Pennate_Raphid,7,0 - 10,pennate,chains,48,5
30/03/2021,N.epi,Nitzschia_epithemoides,9,5,9,7,52.611,Pennate_Raphid,7,0 - 10,pennate,chains,48,5
30/03/2021,N.epi,Nitzschia_epithemoides,7,2,13,8,25.264,Pennate_Raphid,7,0 - 10,pennate,chains,48,5
30/03/2021,N.ova,Nitzschia_ovalis,8,6,12,4,47.738,Pennate_Raphid,8,0 - 10,pennate,chains,48,5
30/03/2021,N.ova,Nitzschia_ovalis,8,5,15,2,38.444,Pennate_Raphid,8,0 - 10,pennate,chains,48,5
30/03/2021,N.ova,Nitzschia_ovalis,11,6,7,6,3.346,Pennate_Raphid,8,0 - 10,pennate,chains,48,5
30/03/2021,O.aur,Odontella_aurita,0,3,23,4,0.787,Centric,37,30 - 40,round,chains,48,5
30/03/2021,O.aur,Odontella_aurita,2,3,23,2,0.033,Centric,37,30 - 40,round,chains,48,5
30/03/2021,O.aur,Odontella_aurita,2,1,26,1,0.527,Centric,37,30 - 40,round,chains,48,5
30/03/2021,P.tri,Phaeodactylum_tricornutum,7,8,14,1,30.213,Pennate_Raphid,25,20 - 30,pennate,solitary,48,5
30/03/2021,P.tri,Phaeodactylum_tricornutum,7,2,18,5,22.128,Pennate_Raphid,25,20 - 30,pennate,solitary,48,5
30/03/2021,P.tri,Phaeodactylum_tricornutum,3,7,14,6,6.341,Pennate_Raphid,25,20 - 30,pennate,solitary,48,5
30/03/2021,S.doh,Skeletonema_dohrnii,10,1,17,2,8.159,Pennate_Raphid,6,0 - 10,pennate,chains,48,5
30/03/2021,S.doh,Skeletonema_dohrnii,8,8,13,1,9.316,Pennate_Raphid,6,0 - 10,pennate,chains,48,5
30/03/2021,S.doh,Skeletonema_dohrnii,7,3,17,3,7.668,Pennate_Raphid,6,0 - 10,pennate,chains,48,5
30/03/2021,S.pin,Staurosirella_pinnata,4,1,22,3,6.537,Pennate_Araphid,5,0 - 10,pennate,chains,48,5
30/03/2021,S.pin,Staurosirella_pinnata,4,8,13,5,11.318,Pennate_Araphid,5,0 - 10,pennate,chains,48,5
30/03/2021,S.pin,Staurosirella_pinnata,3,4,15,8,2.893,Pennate_Araphid,5,0 - 10,pennate,chains,48,5
30/03/2021,Sur.sp,Surirella_sp,2,0,27,1,2.499,Pennate_Raphid,23,20 - 30,pennate,solitary,48,5
30/03/2021,Sur.sp,Surirella_sp,2,5,22,1,3.417,Pennate_Raphid,23,20 - 30,pennate,solitary,48,5
30/03/2021,Sur.sp,Surirella_sp,3,7,17,3,3.244,Pennate_Raphid,23,20 - 30,pennate,solitary,48,5
13/07/2021,nbc,Control_slip,2,6,20,2,0.007,nbc,nbc,nbc,nbc,nbc,48,5
13/07/2021,nbc,Control_slip,0,7,23,0,0.002,nbc,nbc,nbc,nbc,nbc,48,5
13/07/2021,nbc,Control_slip,1,10,16,3,0.056,nbc,nbc,nbc,nbc,nbc,48,5
13/07/2021,Hel.sp,Helicotheca_sp,6,4,18,2,0.079,Centric,95,75 - 100,round,chains,48,5
13/07/2021,Hel.sp,Helicotheca_sp,6,6,17,1,0.786,Centric,95,75 - 100,round,chains,48,5
13/07/2021,Hel.sp,Helicotheca_sp,3,7,18,2,0.184,Centric,95,75 - 100,round,chains,48,5
13/07/2021,C.pse,Chaetoceros_pseudocurvisetus,8,10,11,1,0.732,Centric,10,10 - 20,round,chains,48,5
13/07/2021,C.pse,Chaetoceros_pseudocurvisetus,7,5,12,6,0.298,Centric,10,10 - 20,round,chains,48,5
13/07/2021,C.pse,Chaetoceros_pseudocurvisetus,5,9,9,7,0.739,Centric,10,10 - 20,round,chains,48,5
13/07/2021,Amp.sp2,Amphora_sp_RCC7063,5,9,12,4,6.974,Pennate_Raphid,10,10 - 20,pennate,solitary,48,5
13/07/2021,Amp.sp2,Amphora_sp_RCC7063,11,7,10,2,10.113,Pennate_Raphid,10,10 - 20,pennate,solitary,48,5
13/07/2021,Amp.sp2,Amphora_sp_RCC7063,8,4,15,3,7.752,Pennate_Raphid,10,10 - 20,pennate,solitary,48,5
13/07/2021,A.bre,Achnanthes_brevipes,14,2,13,1,6.884,Pennate_Raphid,17.9,10 - 20,pennate,chains,48,5
13/07/2021,A.bre,Achnanthes_brevipes,12,3,13,2,11.622,Pennate_Raphid,17.9,10 - 20,pennate,chains,48,5
13/07/2021,A.bre,Achnanthes_brevipes,14,5,8,3,8.073,Pennate_Raphid,17.9,10 - 20,pennate,chains,48,5
13/07/2021,Hya.sp,Hyalosira_sp,9,6,12,3,5.138,Pennate_Araphid,4,0 - 10,pennate,chains,48,5
13/07/2021,Hya.sp,Hyalosira_sp,13,4,12,1,15.979,Pennate_Araphid,4,0 - 10,pennate,chains,48,5
13/07/2021,Hya.sp,Hyalosira_sp,7,5,15,3,12.24,Pennate_Araphid,4,0 - 10,pennate,chains,48,5
13/07/2021,Gom.sp,Gomphonema_sp,8,5,13,4,3.509,Pennate_Raphid,20,20 - 30,pennate,chains,48,5
13/07/2021,Gom.sp,Gomphonema_sp,7,11,11,1,2.61,Pennate_Raphid,20,20 - 30,pennate,chains,48,5
13/07/2021,Gom.sp,Gomphonema_sp,10,5,13,2,8.242,Pennate_Raphid,20,20 - 30,pennate,chains,48,5
13/07/2021,Cyc.sp,Cyclotella_sp,6,10,12,2,4.451,Centric,7,0 - 10,round,solitary,48,5
13/07/2021,Cyc.sp,Cyclotella_sp,1,11,16,2,3.139,Centric,7,0 - 10,round,solitary,48,5
13/07/2021,Cyc.sp,Cyclotella_sp,5,8,16,1,7.106,Centric,7,0 - 10,round,solitary,48,5
13/07/2021,Bac.sp,Bacteriastrum_sp,7,11,10,2,4.193,Centric,10,10 - 20,round,chains,48,5
13/07/2021,Bac.sp,Bacteriastrum_sp,7,5,17,1,5.116,Centric,10,10 - 20,round,chains,48,5
13/07/2021,Bac.sp,Bacteriastrum_sp,8,0,20,2,4.166,Centric,10,10 - 20,round,chains,48,5
13/07/2021,Dip.sp,Diploneis_sp,1,7,18,4,0.337,Pennate_Raphid,35,30 - 40,pennate,solitary,48,5
13/07/2021,Dip.sp,Diploneis_sp,3,8,16,3,0.205,Pennate_Raphid,35,30 - 40,pennate,solitary,48,5
13/07/2021,Dip.sp,Diploneis_sp,2,11,15,2,0.245,Pennate_Raphid,35,30 - 40,pennate,solitary,48,5
13/07/2021,Cos.sp,Coscinodiscus_sp,3,13,11,3,0.41,Centric,73,50 - 75,round,solitary,48,5
13/07/2021,Cos.sp,Coscinodiscus_sp,2,9,15,4,0.289,Centric,73,50 - 75,round,solitary,48,5
13/07/2021,Cos.sp,Coscinodiscus_sp,6,9,11,4,0.277,Centric,73,50 - 75,round,solitary,48,5
13/07/2021,N.lae,Nitzschia_laevis,13,6,10,1,11.951,Pennate_Raphid,12,10 - 20,pennate,solitary,48,5
13/07/2021,N.lae,Nitzschia_laevis,14,3,10,3,15.331,Pennate_Raphid,12,10 - 20,pennate,solitary,48,5
13/07/2021,N.lae,Nitzschia_laevis,14,6,7,3,9.519,Pennate_Raphid,12,10 - 20,pennate,solitary,48,5
13/07/2021,Tab.sp,Tabularia_sp,2,10,15,3,2.365,Pennate_Araphid,13,10 - 20,pennate,solitary,48,5
13/07/2021,Tab.sp,Tabularia_sp,2,13,14,1,2.227,Pennate_Araphid,13,10 - 20,pennate,solitary,48,5
13/07/2021,Tab.sp,Tabularia_sp,3,14,10,3,5.24,Pennate_Araphid,13,10 - 20,pennate,solitary,48,5
13/07/2021,C.con,Chaetoceros_convolutus,1,3,23,3,0.464,Centric,25,20 - 30,round,chains,48,5
13/07/2021,C.con,Chaetoceros_convolutus,1,8,17,4,0.15,Centric,25,20 - 30,round,chains,48,5
13/07/2021,C.con,Chaetoceros_convolutus,2,5,18,5,0.199,Centric,25,20 - 30,round,chains,48,5
13/07/2021,M.num,Melosira_nummuloides,3,5,16,6,0.501,Centric,30,30 - 40,round,chains,48,5
13/07/2021,M.num,Melosira_nummuloides,1,6,16,7,0.41,Centric,30,30 - 40,round,chains,48,5
13/07/2021,M.num,Melosira_nummuloides,5,8,15,2,0.809,Centric,30,30 - 40,round,chains,48,5
13/07/2021,A.gla,Asterionellopsis_cf_glacialis,5,12,13,0,0.35,Pennate_Araphid,58,50 - 75,pennate,solitary,48,5
13/07/2021,A.gla,Asterionellopsis_cf_glacialis,2,9,17,2,0.261,Pennate_Araphid,58,50 - 75,pennate,solitary,48,5
13/07/2021,A.gla,Asterionellopsis_cf_glacialis,5,8,15,2,0.304,Pennate_Araphid,58,50 - 75,pennate,solitary,48,5
13/07/2021,C.lau,Chaetoceros_cf_lauderi,6,5,19,0,0.543,Centric,28,20 - 30,round,chains,48,5
13/07/2021,C.lau,Chaetoceros_cf_lauderi,3,15,11,1,0.616,Centric,28,20 - 30,round,chains,48,5
13/07/2021,C.lau,Chaetoceros_cf_lauderi,3,10,14,3,0.472,Centric,28,20 - 30,round,chains,48,5
02/08/2021,nbc,Control_slip,2,2,23,3,0.001,nbc,nbc,nbc,nbc,nbc,48,5
02/08/2021,nbc,Control_slip,1,11,18,0,0.003,nbc,nbc,nbc,nbc,nbc,48,5
02/08/2021,nbc,Control_slip,1,6,21,2,0.002,nbc,nbc,nbc,nbc,nbc,48,5
02/08/2021,Hel.sp,Helicotheca_sp,3,2,23,2,0.017,Centric,95,75 - 100,round,chains,48,5
02/08/2021,Hel.sp,Helicotheca_sp,4,3,21,2,0.093,Centric,95,75 - 100,round,chains,48,5
02/08/2021,Hel.sp,Helicotheca_sp,7,5,16,2,0.163,Centric,95,75 - 100,round,chains,48,5
02/08/2021,C.pse,Chaetoceros_pseudocurvisetus,3,8,18,1,0.453,Centric,10,10 - 20,round,chains,48,5
02/08/2021,C.pse,Chaetoceros_pseudocurvisetus,7,3,18,2,0.316,Centric,10,10 - 20,round,chains,48,5
02/08/2021,C.pse,Chaetoceros_pseudocurvisetus,4,13,6,7,0.221,Centric,10,10 - 20,round,chains,48,5
02/08/2021,Amp.sp2,Amphora_sp_RCC7063,9,10,10,1,6.188,Pennate_Raphid,10,10 - 20,pennate,solitary,48,5
02/08/2021,Amp.sp2,Amphora_sp_RCC7063,4,10,15,1,8.926,Pennate_Raphid,10,10 - 20,pennate,solitary,48,5
02/08/2021,Amp.sp2,Amphora_sp_RCC7063,9,4,16,1,9.19,Pennate_Raphid,10,10 - 20,pennate,solitary,48,5
02/08/2021,A.bre,Achnanthes_brevipes,13,8,9,0,3.82,Pennate_Raphid,17.9,10 - 20,pennate,chains,48,5
02/08/2021,A.bre,Achnanthes_brevipes,16,7,7,0,2.771,Pennate_Raphid,17.9,10 - 20,pennate,chains,48,5
02/08/2021,A.bre,Achnanthes_brevipes,9,11,7,3,3.751,Pennate_Raphid,17.9,10 - 20,pennate,chains,48,5
02/08/2021,Hya.sp,Hyalosira_sp,9,2,17,2,8.316,Pennate_Araphid,4,0 - 10,pennate,chains,48,5
02/08/2021,Hya.sp,Hyalosira_sp,6,4,17,3,8.941,Pennate_Araphid,4,0 - 10,pennate,chains,48,5
02/08/2021,Hya.sp,Hyalosira_sp,8,2,17,3,6.485,Pennate_Araphid,4,0 - 10,pennate,chains,48,5
02/08/2021,Gom.sp,Gomphonema_sp,7,6,15,2,1.533,Pennate_Raphid,20,20 - 30,pennate,chains,48,5
02/08/2021,Gom.sp,Gomphonema_sp,6,11,10,3,2.085,Pennate_Raphid,20,20 - 30,pennate,chains,48,5
02/08/2021,Gom.sp,Gomphonema_sp,1,11,15,3,1.077,Pennate_Raphid,20,20 - 30,pennate,chains,48,5
02/08/2021,Cyc.sp,Cyclotella_sp,4,5,21,0,0.485,Centric,7,0 - 10,round,solitary,48,5
02/08/2021,Cyc.sp,Cyclotella_sp,6,9,13,2,0.391,Centric,7,0 - 10,round,solitary,48,5
02/08/2021,Cyc.sp,Cyclotella_sp,4,3,22,1,0.159,Centric,7,0 - 10,round,solitary,48,5
02/08/2021,Bac.sp,Bacteriastrum_sp,7,10,10,3,0.612,Centric,10,10 - 20,round,chains,48,5
02/08/2021,Bac.sp,Bacteriastrum_sp,6,5,16,3,0.412,Centric,10,10 - 20,round,chains,48,5
02/08/2021,Bac.sp,Bacteriastrum_sp,3,7,19,1,0.375,Centric,10,10 - 20,round,chains,48,5
02/08/2021,Dip.sp,Diploneis_sp,6,7,17,0,0.112,Pennate_Raphid,35,30 - 40,pennate,solitary,48,5
02/08/2021,Dip.sp,Diploneis_sp,2,8,18,2,0.091,Pennate_Raphid,35,30 - 40,pennate,solitary,48,5
02/08/2021,Dip.sp,Diploneis_sp,0,10,18,2,0.136,Pennate_Raphid,35,30 - 40,pennate,solitary,48,5
02/08/2021,Cos.sp,Coscinodiscus_sp,1,7,21,1,0.145,Centric,73,50 - 75,round,solitary,48,5
02/08/2021,Cos.sp,Coscinodiscus_sp,1,8,21,0,0.138,Centric,73,50 - 75,round,solitary,48,5
02/08/2021,Cos.sp,Coscinodiscus_sp,6,12,10,2,0.069,Centric,73,50 - 75,round,solitary,48,5
02/08/2021,N.lae,Nitzschia_laevis,8,3,17,2,3.45,Pennate_Raphid,12,10 - 20,pennate,solitary,48,5
02/08/2021,N.lae,Nitzschia_laevis,11,3,15,1,5.664,Pennate_Raphid,12,10 - 20,pennate,solitary,48,5
02/08/2021,N.lae,Nitzschia_laevis,19,3,8,0,4.862,Pennate_Raphid,12,10 - 20,pennate,solitary,48,5
02/08/2021,Tab.sp,Tabularia_sp,14,3,12,1,4.191,Pennate_Araphid,13,10 - 20,pennate,solitary,48,5
02/08/2021,Tab.sp,Tabularia_sp,6,5,15,4,4.661,Pennate_Araphid,13,10 - 20,pennate,solitary,48,5
02/08/2021,Tab.sp,Tabularia_sp,4,11,14,1,2.14,Pennate_Araphid,13,10 - 20,pennate,solitary,48,5
02/08/2021,C.con,Chaetoceros_convolutus,5,6,18,1,0.174,Centric,25,20 - 30,round,chains,48,5
02/08/2021,C.con,Chaetoceros_convolutus,1,5,20,4,0.118,Centric,25,20 - 30,round,chains,48,5
02/08/2021,C.con,Chaetoceros_convolutus,1,5,24,0,0.229,Centric,25,20 - 30,round,chains,48,5
02/08/2021,M.num,Melosira_nummuloides,7,12,11,0,0.048,Centric,30,30 - 40,round,chains,48,5
02/08/2021,M.num,Melosira_nummuloides,4,8,15,3,0.189,Centric,30,30 - 40,round,chains,48,5
02/08/2021,M.num,Melosira_nummuloides,7,6,15,2,0.446,Centric,30,30 - 40,round,chains,48,5
02/08/2021,A.gla,Asterionellopsis_cf_glacialis,7,6,15,2,0.059,Pennate_Araphid,58,50 - 75,pennate,solitary,48,5
02/08/2021,A.gla,Asterionellopsis_cf_glacialis,3,20,6,1,0.29,Pennate_Araphid,58,50 - 75,pennate,solitary,48,5
02/08/2021,A.gla,Asterionellopsis_cf_glacialis,4,4,21,9,0.221,Pennate_Araphid,58,50 - 75,pennate,solitary,48,5
02/08/2021,C.lau,Chaetoceros_cf_lauderi,5,6,18,1,0.08,Centric,28,20 - 30,round,chains,48,5
02/08/2021,C.lau,Chaetoceros_cf_lauderi,1,5,20,4,0.056,Centric,28,20 - 30,round,chains,48,5
02/08/2021,C.lau,Chaetoceros_cf_lauderi,1,5,24,0,0.035,Centric,28,20 - 30,round,chains,48,5
10/08/2021,nbc,Control_slip,4,2,23,1,0.001,nbc,nbc,nbc,nbc,nbc,48,5
10/08/2021,nbc,Control_slip,1,3,24,2,0.003,nbc,nbc,nbc,nbc,nbc,48,5
10/08/2021,nbc,Control_slip,2,3,21,4,0.002,nbc,nbc,nbc,nbc,nbc,48,5
10/08/2021,Hel.sp,Helicotheca_sp,5,1,23,1,0.077,Centric,95,75 - 100,round,chains,48,5
10/08/2021,Hel.sp,Helicotheca_sp,2,5,20,3,0.212,Centric,95,75 - 100,round,chains,48,5
10/08/2021,Hel.sp,Helicotheca_sp,3,5,19,3,0.114,Centric,95,75 - 100,round,chains,48,5
10/08/2021,C.pse,Chaetoceros_pseudocurvisetus,7,14,8,1,0.284,Centric,10,10 - 20,round,chains,48,5
10/08/2021,C.pse,Chaetoceros_pseudocurvisetus,14,7,6,3,0.347,Centric,10,10 - 20,round,chains,48,5
10/08/2021,C.pse,Chaetoceros_pseudocurvisetus,8,7,13,2,0.272,Centric,10,10 - 20,round,chains,48,5
10/08/2021,Amp.sp2,Amphora_sp_RCC7063,6,10,9,5,6.228,Pennate_Raphid,10,10 - 20,pennate,solitary,48,5
10/08/2021,Amp.sp2,Amphora_sp_RCC7063,15,2,11,2,6.425,Pennate_Raphid,10,10 - 20,pennate,solitary,48,5
10/08/2021,Amp.sp2,Amphora_sp_RCC7063,12,6,9,3,11.049,Pennate_Raphid,10,10 - 20,pennate,solitary,48,5
10/08/2021,A.bre,Achnanthes_brevipes,16,2,10,2,2.91,Pennate_Raphid,17.9,10 - 20,pennate,chains,48,5
10/08/2021,A.bre,Achnanthes_brevipes,12,3,12,3,3.752,Pennate_Raphid,17.9,10 - 20,pennate,chains,48,5
10/08/2021,A.bre,Achnanthes_brevipes,13,5,7,5,2.955,Pennate_Raphid,17.9,10 - 20,pennate,chains,48,5
10/08/2021,Hya.sp,Hyalosira_sp,11,3,14,2,9.314,Pennate_Araphid,4,0 - 10,pennate,chains,48,5
10/08/2021,Hya.sp,Hyalosira_sp,16,3,12,1,6.244,Pennate_Araphid,4,0 - 10,pennate,chains,48,5
10/08/2021,Hya.sp,Hyalosira_sp,16,6,7,1,5.641,Pennate_Araphid,4,0 - 10,pennate,chains,48,5
10/08/2021,Gom.sp,Gomphonema_sp,2,8,17,3,1.783,Pennate_Raphid,20,20 - 30,pennate,chains,48,5
10/08/2021,Gom.sp,Gomphonema_sp,7,11,10,2,1.988,Pennate_Raphid,20,20 - 30,pennate,chains,48,5
10/08/2021,Gom.sp,Gomphonema_sp,3,11,13,3,0.81,Pennate_Raphid,20,20 - 30,pennate,chains,48,5
10/08/2021,Cyc.sp,Cyclotella_sp,1,15,11,3,0.338,Centric,7,0 - 10,round,solitary,48,5
10/08/2021,Cyc.sp,Cyclotella_sp,5,12,11,2,0.316,Centric,7,0 - 10,round,solitary,48,5
10/08/2021,Cyc.sp,Cyclotella_sp,5,13,9,3,0.133,Centric,7,0 - 10,round,solitary,48,5
10/08/2021,Bac.sp,Bacteriastrum_sp,8,6,12,4,0.563,Centric,10,10 - 20,round,chains,48,5
10/08/2021,Bac.sp,Bacteriastrum_sp,6,5,14,5,0.581,Centric,10,10 - 20,round,chains,48,5
10/08/2021,Bac.sp,Bacteriastrum_sp,9,2,15,4,0.548,Centric,10,10 - 20,round,chains,48,5
10/08/2021,Dip.sp,Diploneis_sp,2,7,19,2,0.292,Pennate_Raphid,35,30 - 40,pennate,solitary,48,5
10/08/2021,Dip.sp,Diploneis_sp,5,8,14,3,0.084,Pennate_Raphid,35,30 - 40,pennate,solitary,48,5
10/08/2021,Dip.sp,Diploneis_sp,1,12,12,5,0.509,Pennate_Raphid,35,30 - 40,pennate,solitary,48,5
10/08/2021,Cos.sp,Coscinodiscus_sp,4,6,19,1,0.054,Centric,73,50 - 75,round,solitary,48,5
10/08/2021,Cos.sp,Coscinodiscus_sp,13,3,13,1,0.123,Centric,73,50 - 75,round,solitary,48,5
10/08/2021,Cos.sp,Coscinodiscus_sp,12,3,13,2,0.128,Centric,73,50 - 75,round,solitary,48,5
10/08/2021,N.lae,Nitzschia_laevis,20,0,7,3,4.762,Pennate_Raphid,12,10 - 20,pennate,solitary,48,5
10/08/2021,N.lae,Nitzschia_laevis,17,3,8,2,6.569,Pennate_Raphid,12,10 - 20,pennate,solitary,48,5
10/08/2021,N.lae,Nitzschia_laevis,24,1,4,1,5.905,Pennate_Raphid,12,10 - 20,pennate,solitary,48,5
10/08/2021,Tab.sp,Tabularia_sp,10,9,9,2,4.253,Pennate_Araphid,13,10 - 20,pennate,solitary,48,5
10/08/2021,Tab.sp,Tabularia_sp,9,7,13,1,5.309,Pennate_Araphid,13,10 - 20,pennate,solitary,48,5
10/08/2021,Tab.sp,Tabularia_sp,5,12,11,2,2.555,Pennate_Araphid,13,10 - 20,pennate,solitary,48,5
10/08/2021,C.con,Chaetoceros_convolutus,4,7,15,4,0.157,Centric,25,20 - 30,round,chains,48,5
10/08/2021,C.con,Chaetoceros_convolutus,7,9,13,1,0.205,Centric,25,20 - 30,round,chains,48,5
10/08/2021,C.con,Chaetoceros_convolutus,6,5,13,6,0.443,Centric,25,20 - 30,round,chains,48,5
10/08/2021,M.num,Melosira_nummuloides,2,1,25,2,0.081,Centric,30,30 - 40,round,chains,48,5
10/08/2021,M.num,Melosira_nummuloides,6,4,19,1,0.584,Centric,30,30 - 40,round,chains,48,5
10/08/2021,M.num,Melosira_nummuloides,12,7,8,3,0.246,Centric,30,30 - 40,round,chains,48,5
10/08/2021,A.gla,Asterionellopsis_cf_glacialis,5,6,17,2,0.089,Pennate_Araphid,58,50 - 75,pennate,solitary,48,5
10/08/2021,A.gla,Asterionellopsis_cf_glacialis,3,8,15,4,0.048,Pennate_Araphid,58,50 - 75,pennate,solitary,48,5
10/08/2021,A.gla,Asterionellopsis_cf_glacialis,1,8,17,4,0.052,Pennate_Araphid,58,50 - 75,pennate,solitary,48,5
10/08/2021,C.lau,Chaetoceros_cf_lauderi,2,2,25,1,0.079,Centric,28,20 - 30,round,chains,48,5
10/08/2021,C.lau,Chaetoceros_cf_lauderi,3,2,22,3,0.206,Centric,28,20 - 30,round,chains,48,5
10/08/2021,C.lau,Chaetoceros_cf_lauderi,0,11,17,2,0.072,Centric,28,20 - 30,round,chains,48,5
12/04/2022,N.phy,Navicula_phyllepta,0,2,26,2,1.922,Pennate_Raphid,10,10 - 20,pennate,solitary,48,5
12/04/2022,N.phy,Navicula_phyllepta,9,3,13,5,0.883,Pennate_Raphid,10,10 - 20,pennate,solitary,48,5
12/04/2022,N.phy,Navicula_phyllepta,4,3,20,3,1.406,Pennate_Raphid,10,10 - 20,pennate,solitary,48,5
12/04/2022,C.clo,Cylindrotheca_closterium,12,3,13,2,25.627,Pennate_Raphid,43,40 - 50,pennate,solitary,48,5
12/04/2022,C.clo,Cylindrotheca_closterium,4,4,18,2,27.949,Pennate_Raphid,43,40 - 50,pennate,solitary,48,5
12/04/2022,C.clo,Cylindrotheca_closterium,17,1,10,2,27.364,Pennate_Raphid,43,40 - 50,pennate,solitary,48,5
12/04/2022,S.rob,Seminavis_robusta,2,3,18,3,16.214,Pennate_Raphid,64,50 - 75,pennate,solitary,48,5
12/04/2022,S.rob,Seminavis_robusta,1,5,12,2,11.062,Pennate_Raphid,64,50 - 75,pennate,solitary,48,5
12/04/2022,S.rob,Seminavis_robusta,10,3,16,1,11.691,Pennate_Raphid,64,50 - 75,pennate,solitary,48,5
12/04/2022,A.yaq1,Achnanthes_yaquinensis_0020,5,4,17,4,6.09,Pennate_Raphid,98,75 - 100,pennate,chains,48,5
12/04/2022,A.yaq1,Achnanthes_yaquinensis_0020,4,4,18,3,0.958,Pennate_Raphid,98,75 - 100,pennate,chains,48,5
12/04/2022,A.yaq1,Achnanthes_yaquinensis_0020,5,5,19,1,1.807,Pennate_Raphid,98,75 - 100,pennate,chains,48,5
12/04/2022,A.yaq2,Achnanthes_yaquinensis_0053,2,3,21,4,5.868,Pennate_Raphid,98,75 - 100,pennate,chains,48,5
12/04/2022,A.yaq2,Achnanthes_yaquinensis_0053,3,4,21,2,2.788,Pennate_Raphid,98,75 - 100,pennate,chains,48,5
12/04/2022,A.yaq2,Achnanthes_yaquinensis_0053,1,6,20,3,2.675,Pennate_Raphid,98,75 - 100,pennate,chains,48,5
12/04/2022,C.wei,Conticribra_weisflogii,2,1,24,3,1.058,Centric,10,10 - 20,round,solitary,48,5
12/04/2022,C.wei,Conticribra_weisflogii,12,0,11,7,1.125,Centric,10,10 - 20,round,solitary,48,5
12/04/2022,C.wei,Conticribra_weisflogii,7,6,12,5,1.138,Centric,10,10 - 20,round,solitary,48,5
12/04/2022,F.vir,Fragilariformia_virescens,8,2,16,4,16.696,Pennate_Araphid,47,40 - 50,pennate,chains,48,5
12/04/2022,F.vir,Fragilariformia_virescens,10,1,15,4,13.362,Pennate_Araphid,47,40 - 50,pennate,chains,48,5
12/04/2022,F.vir,Fragilariformia_virescens,12,0,16,2,17.189,Pennate_Araphid,47,40 - 50,pennate,chains,48,5
04/05/2022,N.phy,Navicula_phyllepta,2,7,20,1,0.846,Pennate_Raphid,10,10 - 20,pennate,solitary,48,5
04/05/2022,N.phy,Navicula_phyllepta,6,11,11,2,0.729,Pennate_Raphid,10,10 - 20,pennate,solitary,48,5
04/05/2022,N.phy,Navicula_phyllepta,6,13,9,2,0.63,Pennate_Raphid,10,10 - 20,pennate,solitary,48,5
04/05/2022,C.clo,Cylindrotheca_closterium,11,8,10,1,9.195,Pennate_Raphid,43,40 - 50,pennate,solitary,48,5
04/05/2022,C.clo,Cylindrotheca_closterium,7,18,2,3,9.172,Pennate_Raphid,43,40 - 50,pennate,solitary,48,5
04/05/2022,C.clo,Cylindrotheca_closterium,11,9,8,3,8.367,Pennate_Raphid,43,40 - 50,pennate,solitary,48,5
04/05/2022,S.rob,Seminavis_robusta,3,15,9,3,13.309,Pennate_Raphid,64,50 - 75,pennate,solitary,48,5
04/05/2022,S.rob,Seminavis_robusta,2,5,21,2,12.64,Pennate_Raphid,64,50 - 75,pennate,solitary,48,5
04/05/2022,S.rob,Seminavis_robusta,4,17,7,2,12.882,Pennate_Raphid,64,50 - 75,pennate,solitary,48,5
04/05/2022,A.yaq1,Achnanthes_yaquinensis_0020,0,10,18,2,8.03,Pennate_Raphid,98,75 - 100,pennate,chains,48,5
04/05/2022,A.yaq1,Achnanthes_yaquinensis_0020,5,12,11,2,10.365,Pennate_Raphid,98,75 - 100,pennate,chains,48,5
04/05/2022,A.yaq1,Achnanthes_yaquinensis_0020,9,10,8,3,9.314,Pennate_Raphid,98,75 - 100,pennate,chains,48,5
04/05/2022,A.yaq2,Achnanthes_yaquinensis_0053,2,12,15,1,3.864,Pennate_Raphid,98,75 - 100,pennate,chains,48,5
04/05/2022,A.yaq2,Achnanthes_yaquinensis_0053,6,12,12,0,6.419,Pennate_Raphid,98,75 - 100,pennate,chains,48,5
04/05/2022,A.yaq2,Achnanthes_yaquinensis_0053,5,11,13,1,4.263,Pennate_Raphid,98,75 - 100,pennate,chains,48,5
04/05/2022,C.wei,Conticribra_weisflogii,3,8,17,2,0.561,Centric,10,10 - 20,round,solitary,48,5
04/05/2022,C.wei,Conticribra_weisflogii,5,4,18,3,0.656,Centric,10,10 - 20,round,solitary,48,5
04/05/2022,C.wei,Conticribra_weisflogii,1,12,15,2,0.321,Centric,10,10 - 20,round,solitary,48,5
04/05/2022,F.vir,Fragilariformia_virescens,6,12,10,2,16.949,Pennate_Araphid,47,40 - 50,pennate,chains,48,5
04/05/2022,F.vir,Fragilariformia_virescens,5,10,14,1,14.507,Pennate_Araphid,47,40 - 50,pennate,chains,48,5
04/05/2022,F.vir,Fragilariformia_virescens,5,12,11,2,15.721,Pennate_Araphid,47,40 - 50,pennate,chains,48,5
04/05/2022,T.sue,Tetraselmis_suecica,4,11,13,2,0.354,Green_microalgae,11,10 - 20,round,solitary,48,5
04/05/2022,T.sue,Tetraselmis_suecica,8,11,9,2,0.358,Green_microalgae,11,10 - 20,round,solitary,48,5
04/05/2022,T.sue,Tetraselmis_suecica,7,10,10,3,0.179,Green_microalgae,11,10 - 20,round,solitary,48,5
04/05/2022,T.sue,Tetraselmis_suecica,3,14,12,1,0.674,Green_microalgae,11,10 - 20,round,solitary,48,5
04/05/2022,T.sue,Tetraselmis_suecica,5,10,11,4,1.031,Green_microalgae,11,10 - 20,round,solitary,48,5
04/05/2022,T.sue,Tetraselmis_suecica,4,11,11,4,0.382,Green_microalgae,11,10 - 20,round,solitary,48,5
10/05/2022,N.phy,Navicula_phyllepta,2,8,15,5,0.209,Pennate_Raphid,10,10 - 20,pennate,solitary,48,5
10/05/2022,N.phy,Navicula_phyllepta,2,4,22,2,0.343,Pennate_Raphid,10,10 - 20,pennate,solitary,48,5
10/05/2022,N.phy,Navicula_phyllepta,1,9,18,2,0.335,Pennate_Raphid,10,10 - 20,pennate,solitary,48,5
10/05/2022,C.clo,Cylindrotheca_closterium,1,11,15,3,10.672,Pennate_Raphid,43,40 - 50,pennate,solitary,48,5
10/05/2022,C.clo,Cylindrotheca_closterium,6,7,16,1,21.599,Pennate_Raphid,43,40 - 50,pennate,solitary,48,5
10/05/2022,C.clo,Cylindrotheca_closterium,7,11,9,3,12.733,Pennate_Raphid,43,40 - 50,pennate,solitary,48,5
10/05/2022,S.rob,Seminavis_robusta,4,3,21,2,12.541,Pennate_Raphid,64,50 - 75,pennate,solitary,48,5
10/05/2022,S.rob,Seminavis_robusta,7,10,12,1,9.512,Pennate_Raphid,64,50 - 75,pennate,solitary,48,5
10/05/2022,S.rob,Seminavis_robusta,7,6,15,2,9.066,Pennate_Raphid,64,50 - 75,pennate,solitary,48,5
10/05/2022,A.yaq1,Achnanthes_yaquinensis_0020,2,6,21,1,5.129,Pennate_Raphid,98,75 - 100,pennate,chains,48,5
10/05/2022,A.yaq1,Achnanthes_yaquinensis_0020,7,9,12,2,7.657,Pennate_Raphid,98,75 - 100,pennate,chains,48,5
10/05/2022,A.yaq1,Achnanthes_yaquinensis_0020,5,12,11,2,5.162,Pennate_Raphid,98,75 - 100,pennate,chains,48,5
10/05/2022,A.yaq2,Achnanthes_yaquinensis_0053,3,6,19,2,4.606,Pennate_Raphid,98,75 - 100,pennate,chains,48,5
10/05/2022,A.yaq2,Achnanthes_yaquinensis_0053,6,9,12,3,6.142,Pennate_Raphid,98,75 - 100,pennate,chains,48,5
10/05/2022,A.yaq2,Achnanthes_yaquinensis_0053,0,12,16,2,3.757,Pennate_Raphid,98,75 - 100,pennate,chains,48,5
10/05/2022,C.wei,Conticribra_weisflogii,5,4,21,0,0.835,Centric,10,10 - 20,round,solitary,48,5
10/05/2022,C.wei,Conticribra_weisflogii,3,7,18,2,0.22,Centric,10,10 - 20,round,solitary,48,5
10/05/2022,C.wei,Conticribra_weisflogii,8,1,20,1,0.212,Centric,10,10 - 20,round,solitary,48,5
10/05/2022,F.vir,Fragilariformia_virescens,8,4,17,1,13.346,Pennate_Araphid,47,40 - 50,pennate,chains,48,5
10/05/2022,F.vir,Fragilariformia_virescens,5,3,21,1,14.025,Pennate_Araphid,47,40 - 50,pennate,chains,48,5
10/05/2022,F.vir,Fragilariformia_virescens,11,3,14,2,6.968,Pennate_Araphid,47,40 - 50,pennate,chains,48,5
10/05/2022,T.sue,Tetraselmis_suecica,5,5,20,0,1.274,Green_microalgae,11,10 - 20,round,solitary,48,5
10/05/2022,T.sue,Tetraselmis_suecica,4,6,20,0,1.663,Green_microalgae,11,10 - 20,round,solitary,48,5
10/05/2022,T.sue,Tetraselmis_suecica,1,6,22,1,1.171,Green_microalgae,11,10 - 20,round,solitary,48,5
